"simulation","mean_words_per_extracted_text_block"
1,354.666666666667
2,280.972222222222
3,288.805555555556
4,338.25
5,284.694444444444
6,355.166666666667
7,362.666666666667
8,314.444444444444
9,264.611111111111
10,259.472222222222
11,362.916666666667
12,290.277777777778
13,232.083333333333
14,388.638888888889
15,328.972222222222
16,310.75
17,250.25
18,340.805555555556
19,313.583333333333
20,231.361111111111
21,322.972222222222
22,255.638888888889
23,232.388888888889
24,245.5
25,268.75
26,225.833333333333
27,271.555555555556
28,279.138888888889
29,263.194444444444
30,321.194444444444
31,274.555555555556
32,305.027777777778
33,358.694444444444
34,344.055555555556
35,352.888888888889
36,345.527777777778
37,279.305555555556
38,326.805555555556
39,286.5
40,333.194444444444
41,272.361111111111
42,362.25
43,329.361111111111
44,283.444444444444
45,254.25
46,297.861111111111
47,305.833333333333
48,255.611111111111
49,227.25
50,321.833333333333
51,380.666666666667
52,333.361111111111
53,264.527777777778
54,338.416666666667
55,317.222222222222
56,301.111111111111
57,274.944444444444
58,298.75
59,378.305555555556
60,309.583333333333
61,269.333333333333
62,359.583333333333
63,367.055555555556
64,277.916666666667
65,276.194444444444
66,310
67,281
68,303.277777777778
69,299.25
70,349.916666666667
71,250.972222222222
72,263.833333333333
73,298.944444444444
74,267.583333333333
75,300.111111111111
76,303.027777777778
77,356.138888888889
78,287.527777777778
79,297.305555555556
80,327.888888888889
81,324.916666666667
82,370.888888888889
83,282.583333333333
84,255.75
85,307.5
86,286.5
87,267.222222222222
88,303.138888888889
89,317.5
90,281.194444444444
91,251.611111111111
92,331.222222222222
93,339.277777777778
94,266.083333333333
95,210.527777777778
96,355.138888888889
97,330.222222222222
98,276.666666666667
99,322.638888888889
100,222.972222222222
101,329.472222222222
102,255.555555555556
103,302.138888888889
104,352.277777777778
105,309.916666666667
106,316.805555555556
107,306.333333333333
108,283.416666666667
109,374.388888888889
110,353.555555555556
111,328.138888888889
112,316.833333333333
113,288.527777777778
114,325.166666666667
115,360.472222222222
116,328.611111111111
117,300.694444444444
118,301.055555555556
119,320.277777777778
120,348.611111111111
121,250.25
122,256.5
123,296.722222222222
124,306.638888888889
125,260.055555555556
126,215.361111111111
127,253.305555555556
128,383.166666666667
129,291.861111111111
130,331.194444444444
131,293.861111111111
132,369.638888888889
133,286.75
134,339.666666666667
135,314.361111111111
136,279.416666666667
137,355.472222222222
138,335.944444444444
139,317.722222222222
140,283.388888888889
141,342.638888888889
142,299.166666666667
143,278.388888888889
144,309.555555555556
145,377.388888888889
146,300.416666666667
147,289.194444444444
148,293.722222222222
149,303.055555555556
150,344.722222222222
151,287.055555555556
152,305.277777777778
153,254.416666666667
154,297.277777777778
155,338.222222222222
156,303.277777777778
157,324.972222222222
158,356.5
159,262.611111111111
160,291.666666666667
161,340.138888888889
162,266.333333333333
163,331.388888888889
164,270.722222222222
165,303.194444444444
166,330.694444444444
167,276.277777777778
168,294.194444444444
169,353.944444444444
170,335.194444444444
171,311.583333333333
172,226.722222222222
173,319.305555555556
174,297.5
175,375.611111111111
176,352.944444444444
177,343.361111111111
178,326.861111111111
179,269.472222222222
180,299.333333333333
181,234.944444444444
182,236.5
183,272.666666666667
184,291.333333333333
185,286.972222222222
186,291.888888888889
187,308.638888888889
188,310.527777777778
189,333.444444444444
190,304.805555555556
191,309.111111111111
192,306.222222222222
193,287.694444444444
194,260.472222222222
195,315.777777777778
196,346.916666666667
197,324.833333333333
198,322.25
199,292.444444444444
200,307.166666666667
201,304.166666666667
202,263.083333333333
203,353.138888888889
204,272.694444444444
205,285.75
206,280.083333333333
207,302.611111111111
208,414.277777777778
209,367.611111111111
210,282.638888888889
211,349.027777777778
212,313.888888888889
213,281.444444444444
214,256.444444444444
215,233.472222222222
216,325.916666666667
217,365.555555555556
218,284.916666666667
219,360.472222222222
220,202.694444444444
221,306.416666666667
222,273.222222222222
223,298.25
224,293.083333333333
225,294.555555555556
226,289.5
227,244.472222222222
228,292.083333333333
229,277.194444444444
230,339.805555555556
231,297.777777777778
232,293.666666666667
233,299.916666666667
234,284.666666666667
235,268.722222222222
236,297.416666666667
237,284.944444444444
238,265.861111111111
239,338.916666666667
240,244.361111111111
241,322.833333333333
242,291.833333333333
243,275.666666666667
244,247.138888888889
245,312.222222222222
246,263.666666666667
247,234.583333333333
248,330.083333333333
249,315
250,367.777777777778
251,267.555555555556
252,261.611111111111
253,340.083333333333
254,353.583333333333
255,390.972222222222
256,323.861111111111
257,239.916666666667
258,308.583333333333
259,348.083333333333
260,267.944444444444
261,322.444444444444
262,301.111111111111
263,320.194444444444
264,358.25
265,330.027777777778
266,312.638888888889
267,351.833333333333
268,360.416666666667
269,283.5
270,324.277777777778
271,348.916666666667
272,304.75
273,336.916666666667
274,290.472222222222
275,284.861111111111
276,327.638888888889
277,340.916666666667
278,368.722222222222
279,326.111111111111
280,315.333333333333
281,276.722222222222
282,290.888888888889
283,314.027777777778
284,320.888888888889
285,311.333333333333
286,325.25
287,326.361111111111
288,310.361111111111
289,330.638888888889
290,330.666666666667
291,294.027777777778
292,329.194444444444
293,277.222222222222
294,330.361111111111
295,335.222222222222
296,268.722222222222
297,363
298,286.25
299,380.111111111111
300,245.333333333333
301,281.75
302,264.5
303,198.833333333333
304,312
305,353.222222222222
306,312.277777777778
307,361.333333333333
308,259.222222222222
309,265.472222222222
310,272.916666666667
311,330.472222222222
312,244.472222222222
313,207.944444444444
314,304.305555555556
315,349.694444444444
316,320.555555555556
317,307.5
318,332.861111111111
319,293.388888888889
320,276.083333333333
321,301.722222222222
322,315.583333333333
323,286.666666666667
324,300.666666666667
325,267.194444444444
326,325.722222222222
327,240.222222222222
328,354.5
329,309.138888888889
330,295.638888888889
331,345.583333333333
332,323.416666666667
333,305.361111111111
334,263.138888888889
335,324.583333333333
336,274.194444444444
337,336
338,350.333333333333
339,351.972222222222
340,261.25
341,315.055555555556
342,290.055555555556
343,280.944444444444
344,344.166666666667
345,276.194444444444
346,342.833333333333
347,245.722222222222
348,266.138888888889
349,288.333333333333
350,239.888888888889
351,308.833333333333
352,369.027777777778
353,278.694444444444
354,335.027777777778
355,352.916666666667
356,304.888888888889
357,295.111111111111
358,333.944444444444
359,304.222222222222
360,341.111111111111
361,311.805555555556
362,404.888888888889
363,390.888888888889
364,293.722222222222
365,248.138888888889
366,317.611111111111
367,367.75
368,314.027777777778
369,348.194444444444
370,277.722222222222
371,358.527777777778
372,311.638888888889
373,287.972222222222
374,327.888888888889
375,320.055555555556
376,258.305555555556
377,257.722222222222
378,215.027777777778
379,362.027777777778
380,292.222222222222
381,301.527777777778
382,299.166666666667
383,274.888888888889
384,280.5
385,326.5
386,298.888888888889
387,343.75
388,345.611111111111
389,361.972222222222
390,272.444444444444
391,322
392,388.694444444444
393,289.944444444444
394,322.888888888889
395,267.166666666667
396,391.444444444444
397,325.472222222222
398,351.611111111111
399,266.388888888889
400,276.777777777778
401,320.611111111111
402,274.083333333333
403,335.361111111111
404,321.027777777778
405,249.944444444444
406,236.083333333333
407,205.611111111111
408,278.972222222222
409,301.388888888889
410,329.5
411,278.638888888889
412,325.833333333333
413,284.138888888889
414,329.944444444444
415,280.166666666667
416,281.111111111111
417,359.722222222222
418,242
419,279.638888888889
420,287.777777777778
421,364.083333333333
422,310.305555555556
423,277
424,335.361111111111
425,340.333333333333
426,241.222222222222
427,344.277777777778
428,357.916666666667
429,262.5
430,264.944444444444
431,201.666666666667
432,318.083333333333
433,299.694444444444
434,242
435,388.777777777778
436,377
437,327.527777777778
438,282
439,277.833333333333
440,344.138888888889
441,284.027777777778
442,305
443,313.666666666667
444,380.25
445,298.444444444444
446,367.611111111111
447,322.527777777778
448,372
449,410.111111111111
450,300.472222222222
451,372.25
452,302.5
453,165.638888888889
454,226.5
455,332.888888888889
456,276.916666666667
457,268.944444444444
458,358.527777777778
459,364.916666666667
460,324.055555555556
461,252.444444444444
462,323.555555555556
463,340.777777777778
464,270.111111111111
465,323.916666666667
466,332.666666666667
467,354.166666666667
468,243.611111111111
469,319.361111111111
470,353.694444444444
471,234.25
472,305.777777777778
473,367.444444444444
474,278.611111111111
475,247.944444444444
476,267.472222222222
477,289.138888888889
478,334.166666666667
479,326.888888888889
480,315.944444444444
481,327.416666666667
482,311.972222222222
483,298.555555555556
484,338.166666666667
485,274.944444444444
486,366.277777777778
487,311.111111111111
488,295.333333333333
489,248.777777777778
490,339.694444444444
491,329.5
492,289.861111111111
493,308.055555555556
494,439.805555555556
495,366.805555555556
496,321.694444444444
497,319.361111111111
498,276.583333333333
499,250.333333333333
500,301.305555555556
501,297.555555555556
502,355.694444444444
503,284.527777777778
504,262.611111111111
505,329.388888888889
506,280.5
507,336.083333333333
508,367.694444444444
509,260.555555555556
510,309.222222222222
511,352.416666666667
512,304.416666666667
513,299.027777777778
514,323.555555555556
515,308.555555555556
516,278.833333333333
517,270.611111111111
518,343.138888888889
519,299.472222222222
520,346.333333333333
521,273.305555555556
522,295.972222222222
523,332.972222222222
524,300.111111111111
525,266.388888888889
526,255.638888888889
527,301.694444444444
528,269.944444444444
529,298.888888888889
530,320.555555555556
531,383.194444444444
532,294.166666666667
533,317.75
534,261.666666666667
535,336.555555555556
536,299.694444444444
537,227.666666666667
538,248.861111111111
539,250.694444444444
540,291.111111111111
541,251.611111111111
542,342.305555555556
543,307.638888888889
544,279.583333333333
545,257.277777777778
546,322.805555555556
547,292.083333333333
548,358.805555555556
549,320.722222222222
550,287.25
551,343.055555555556
552,352.305555555556
553,291.111111111111
554,305.805555555556
555,305.75
556,324.5
557,356.083333333333
558,309.416666666667
559,283.611111111111
560,238.444444444444
561,277.138888888889
562,307.444444444444
563,253.583333333333
564,354.916666666667
565,334.777777777778
566,280.166666666667
567,285.5
568,321.527777777778
569,211.972222222222
570,315.666666666667
571,261.805555555556
572,352.861111111111
573,307.166666666667
574,349.5
575,286.277777777778
576,316.583333333333
577,267.111111111111
578,274.694444444444
579,221.861111111111
580,371.916666666667
581,264.972222222222
582,266.694444444444
583,323
584,257.444444444444
585,300.361111111111
586,335.5
587,257.611111111111
588,379.527777777778
589,331.111111111111
590,284.361111111111
591,283.472222222222
592,310.944444444444
593,331.416666666667
594,234
595,330.333333333333
596,252.416666666667
597,233.944444444444
598,331.388888888889
599,241.472222222222
600,306.916666666667
601,313.138888888889
602,311.166666666667
603,300.027777777778
604,312.472222222222
605,259.638888888889
606,330.972222222222
607,308.416666666667
608,329.638888888889
609,256.972222222222
610,364.833333333333
611,296.888888888889
612,294.333333333333
613,304.805555555556
614,278.972222222222
615,330.916666666667
616,324.694444444444
617,307.805555555556
618,276.944444444444
619,326.388888888889
620,324.694444444444
621,270.388888888889
622,205.111111111111
623,290.055555555556
624,251.555555555556
625,383.777777777778
626,242.638888888889
627,200
628,282.333333333333
629,354.222222222222
630,367.638888888889
631,297.111111111111
632,296.583333333333
633,302.083333333333
634,309.805555555556
635,344.472222222222
636,325.638888888889
637,289.083333333333
638,333.25
639,271.611111111111
640,403.555555555556
641,304.027777777778
642,281.555555555556
643,301.055555555556
644,382.527777777778
645,326.722222222222
646,305.805555555556
647,307.888888888889
648,304.666666666667
649,269.277777777778
650,327.083333333333
651,349.388888888889
652,326.388888888889
653,286
654,289.388888888889
655,264.444444444444
656,285.833333333333
657,311.083333333333
658,302.527777777778
659,394.472222222222
660,328.666666666667
661,362.166666666667
662,225
663,273.5
664,304.694444444444
665,299.5
666,330.194444444444
667,287.555555555556
668,293.472222222222
669,289.166666666667
670,328.083333333333
671,364.277777777778
672,354.972222222222
673,265.305555555556
674,316.25
675,343.555555555556
676,303.666666666667
677,296.25
678,266.333333333333
679,269.805555555556
680,314.194444444444
681,308.083333333333
682,347.75
683,335.25
684,354.777777777778
685,271.222222222222
686,319.527777777778
687,308.222222222222
688,194.222222222222
689,296.305555555556
690,324.916666666667
691,244.194444444444
692,355.472222222222
693,262.416666666667
694,301.777777777778
695,300.333333333333
696,234.694444444444
697,312.722222222222
698,281.055555555556
699,372.583333333333
700,290.416666666667
701,269.972222222222
702,268.805555555556
703,294.583333333333
704,308.361111111111
705,268.805555555556
706,302.833333333333
707,330.277777777778
708,343.138888888889
709,336.222222222222
710,291.916666666667
711,256.833333333333
712,312.166666666667
713,313.444444444444
714,334.805555555556
715,300.25
716,372
717,257.805555555556
718,271.527777777778
719,355.888888888889
720,337.222222222222
721,329.638888888889
722,310.138888888889
723,328.972222222222
724,299.722222222222
725,228.222222222222
726,297.944444444444
727,362.861111111111
728,314.805555555556
729,307.833333333333
730,367.555555555556
731,300.666666666667
732,283.888888888889
733,313.888888888889
734,255.027777777778
735,311.694444444444
736,305.722222222222
737,278.027777777778
738,343.888888888889
739,304.972222222222
740,306.277777777778
741,383.194444444444
742,270.527777777778
743,270.888888888889
744,329.833333333333
745,306.75
746,311
747,298.194444444444
748,317.083333333333
749,238.472222222222
750,283.611111111111
751,264.166666666667
752,338.833333333333
753,270.638888888889
754,316.25
755,346.777777777778
756,321.666666666667
757,314.472222222222
758,309.083333333333
759,299.361111111111
760,341.833333333333
761,374.416666666667
762,253.833333333333
763,342.5
764,306.25
765,267.222222222222
766,278.583333333333
767,297.083333333333
768,332.416666666667
769,299
770,286.222222222222
771,319.25
772,304.444444444444
773,370.611111111111
774,262
775,320.388888888889
776,310.111111111111
777,305.111111111111
778,377.75
779,339.694444444444
780,314.611111111111
781,301.333333333333
782,259.388888888889
783,296.083333333333
784,276.527777777778
785,287.444444444444
786,285.083333333333
787,220.444444444444
788,340.25
789,330.305555555556
790,338.361111111111
791,284.75
792,333.944444444444
793,271.694444444444
794,293.388888888889
795,313.666666666667
796,281.555555555556
797,287.166666666667
798,225.055555555556
799,332.472222222222
800,305.194444444444
801,311.888888888889
802,269.25
803,254.555555555556
804,231.166666666667
805,259.388888888889
806,335.583333333333
807,219.5
808,338.361111111111
809,303.833333333333
810,290.888888888889
811,296.083333333333
812,289.861111111111
813,338.972222222222
814,302.694444444444
815,274.833333333333
816,322.611111111111
817,337.583333333333
818,333.527777777778
819,301.666666666667
820,301.555555555556
821,220.361111111111
822,305.694444444444
823,304.944444444444
824,263.194444444444
825,254.861111111111
826,307.777777777778
827,266.972222222222
828,251.972222222222
829,349.638888888889
830,378.666666666667
831,336.388888888889
832,322.75
833,275.527777777778
834,345.166666666667
835,267.305555555556
836,303.305555555556
837,342.277777777778
838,220.527777777778
839,329.166666666667
840,293.027777777778
841,320.944444444444
842,343.972222222222
843,276.472222222222
844,317.055555555556
845,353.305555555556
846,269.555555555556
847,264.666666666667
848,251.305555555556
849,362.5
850,305.25
851,312.666666666667
852,318.388888888889
853,229.861111111111
854,303.277777777778
855,336.055555555556
856,263.916666666667
857,347
858,316.25
859,350.361111111111
860,249.75
861,372.777777777778
862,298.361111111111
863,365.472222222222
864,241
865,331.055555555556
866,339.916666666667
867,287.888888888889
868,252.638888888889
869,300.472222222222
870,368.416666666667
871,358.222222222222
872,283.361111111111
873,353.861111111111
874,380.611111111111
875,300.75
876,322
877,302.666666666667
878,286.583333333333
879,320.611111111111
880,306.916666666667
881,399.666666666667
882,325.833333333333
883,285.583333333333
884,303.166666666667
885,308.25
886,264.805555555556
887,302.361111111111
888,325.75
889,328.194444444444
890,293.166666666667
891,290.833333333333
892,216.555555555556
893,343.638888888889
894,248.888888888889
895,338.138888888889
896,336.194444444444
897,261.416666666667
898,311.944444444444
899,352.805555555556
900,324.444444444444
901,305.166666666667
902,328.583333333333
903,377.638888888889
904,309
905,326.611111111111
906,252.222222222222
907,259.083333333333
908,331.944444444444
909,392.638888888889
910,232.805555555556
911,282.055555555556
912,377.972222222222
913,344.527777777778
914,231.444444444444
915,237.694444444444
916,284.166666666667
917,319.277777777778
918,276.444444444444
919,267.027777777778
920,374.138888888889
921,306.277777777778
922,385.333333333333
923,254
924,338.777777777778
925,411.444444444444
926,342.388888888889
927,293.361111111111
928,370.944444444444
929,244.75
930,367.083333333333
931,326.472222222222
932,292.416666666667
933,225.75
934,334.722222222222
935,301.166666666667
936,301.472222222222
937,286.472222222222
938,329
939,273.861111111111
940,326.472222222222
941,300.916666666667
942,326.444444444444
943,330.194444444444
944,398.305555555556
945,293.75
946,267.083333333333
947,325.472222222222
948,224.388888888889
949,352.694444444444
950,352.277777777778
951,250.027777777778
952,280.861111111111
953,277.5
954,261.583333333333
955,321.833333333333
956,269.861111111111
957,258.416666666667
958,329.5
959,399.611111111111
960,383.805555555556
961,319.194444444444
962,336.5
963,282.222222222222
964,287.777777777778
965,324.888888888889
966,262.694444444444
967,268.527777777778
968,317.944444444444
969,294.916666666667
970,297.861111111111
971,281.805555555556
972,259.75
973,359.361111111111
974,266.277777777778
975,312.638888888889
976,367.055555555556
977,224.472222222222
978,249.75
979,243.5
980,282.388888888889
981,355.944444444444
982,281
983,324.333333333333
984,299.694444444444
985,312.222222222222
986,353.666666666667
987,272.583333333333
988,347.277777777778
989,294.75
990,313.944444444444
991,283.75
992,277.222222222222
993,307
994,282.333333333333
995,323.111111111111
996,347.083333333333
997,381.916666666667
998,266.916666666667
999,308.277777777778
1000,364.444444444444
1001,303.666666666667
1002,388.944444444444
1003,309.138888888889
1004,271.583333333333
1005,343.194444444444
1006,260.083333333333
1007,262.361111111111
1008,340.388888888889
1009,333.277777777778
1010,260.555555555556
1011,312.388888888889
1012,232.194444444444
1013,336.305555555556
1014,280.333333333333
1015,292.055555555556
1016,263.944444444444
1017,242.166666666667
1018,277.222222222222
1019,361.277777777778
1020,359.833333333333
1021,311.944444444444
1022,347.277777777778
1023,346.833333333333
1024,289.388888888889
1025,319.944444444444
1026,251.555555555556
1027,315.583333333333
1028,244.333333333333
1029,263.5
1030,267.833333333333
1031,325.888888888889
1032,286.416666666667
1033,247.555555555556
1034,291.222222222222
1035,284.555555555556
1036,274.111111111111
1037,320
1038,327.916666666667
1039,292.638888888889
1040,294.361111111111
1041,309.25
1042,276.083333333333
1043,314.027777777778
1044,306.666666666667
1045,274.166666666667
1046,273.888888888889
1047,321.972222222222
1048,374.416666666667
1049,362.611111111111
1050,323.333333333333
1051,322.805555555556
1052,336.361111111111
1053,257.5
1054,277.305555555556
1055,292.861111111111
1056,276.472222222222
1057,297.111111111111
1058,289.361111111111
1059,348.666666666667
1060,296.416666666667
1061,374.944444444444
1062,345.444444444444
1063,270.583333333333
1064,301.25
1065,310.666666666667
1066,280.277777777778
1067,229.888888888889
1068,378.722222222222
1069,323.222222222222
1070,322.277777777778
1071,361.75
1072,320.222222222222
1073,256.833333333333
1074,286.722222222222
1075,315.972222222222
1076,337.305555555556
1077,339.277777777778
1078,377.055555555556
1079,254.027777777778
1080,376.527777777778
1081,287.166666666667
1082,269.666666666667
1083,298.111111111111
1084,298.083333333333
1085,243.138888888889
1086,298.944444444444
1087,361.694444444444
1088,288.888888888889
1089,267.638888888889
1090,264.722222222222
1091,287.666666666667
1092,311.972222222222
1093,259.916666666667
1094,321.805555555556
1095,317.166666666667
1096,267.305555555556
1097,246.694444444444
1098,407.722222222222
1099,273.194444444444
1100,289.444444444444
1101,327.75
1102,287.611111111111
1103,287.166666666667
1104,317.888888888889
1105,300.194444444444
1106,291.833333333333
1107,304.611111111111
1108,235
1109,291.916666666667
1110,339.722222222222
1111,284.388888888889
1112,339.222222222222
1113,323.361111111111
1114,286.972222222222
1115,287.805555555556
1116,317.916666666667
1117,340.583333333333
1118,284.888888888889
1119,295.916666666667
1120,269.694444444444
1121,401.861111111111
1122,320.111111111111
1123,311.444444444444
1124,310.277777777778
1125,338.444444444444
1126,291.277777777778
1127,337.277777777778
1128,290.083333333333
1129,362.555555555556
1130,230.277777777778
1131,333.5
1132,311.416666666667
1133,209.333333333333
1134,343.222222222222
1135,332.694444444444
1136,322.305555555556
1137,289.305555555556
1138,345.916666666667
1139,309.944444444444
1140,263.138888888889
1141,343.916666666667
1142,264.138888888889
1143,280.25
1144,271.444444444444
1145,313.777777777778
1146,265.888888888889
1147,266.416666666667
1148,325.083333333333
1149,289.611111111111
1150,340.777777777778
1151,266.361111111111
1152,310.805555555556
1153,374.333333333333
1154,304.666666666667
1155,294.861111111111
1156,297.305555555556
1157,316.166666666667
1158,286.388888888889
1159,321.583333333333
1160,296.111111111111
1161,295.194444444444
1162,306.083333333333
1163,281.527777777778
1164,248.666666666667
1165,357.861111111111
1166,284.861111111111
1167,345.166666666667
1168,251.027777777778
1169,310.666666666667
1170,302.888888888889
1171,316.972222222222
1172,284.583333333333
1173,314.583333333333
1174,277.388888888889
1175,321.166666666667
1176,335.972222222222
1177,390.666666666667
1178,298.888888888889
1179,300.5
1180,319.305555555556
1181,289.611111111111
1182,265.972222222222
1183,255.222222222222
1184,355.305555555556
1185,269.388888888889
1186,291.166666666667
1187,287.861111111111
1188,285.611111111111
1189,312.972222222222
1190,312.166666666667
1191,282.972222222222
1192,282.833333333333
1193,317.472222222222
1194,315.666666666667
1195,339.055555555556
1196,378.611111111111
1197,327.75
1198,304.166666666667
1199,294.888888888889
1200,312.166666666667
1201,332.25
1202,268.416666666667
1203,296.694444444444
1204,336.25
1205,290.833333333333
1206,326.777777777778
1207,349.861111111111
1208,235.194444444444
1209,335.583333333333
1210,349.638888888889
1211,270.027777777778
1212,325.972222222222
1213,258.472222222222
1214,365.805555555556
1215,337.277777777778
1216,273.444444444444
1217,341.916666666667
1218,301
1219,235.361111111111
1220,316.527777777778
1221,328.722222222222
1222,289.944444444444
1223,274.194444444444
1224,309.972222222222
1225,325.277777777778
1226,301.666666666667
1227,199
1228,321.416666666667
1229,283.333333333333
1230,333.916666666667
1231,370.805555555556
1232,303
1233,316.277777777778
1234,346.805555555556
1235,287.444444444444
1236,289.277777777778
1237,265.694444444444
1238,278.666666666667
1239,352.611111111111
1240,335.222222222222
1241,360.444444444444
1242,336.138888888889
1243,227.111111111111
1244,335.833333333333
1245,326.305555555556
1246,286.277777777778
1247,338.055555555556
1248,341.694444444444
1249,298.805555555556
1250,291.861111111111
1251,261.222222222222
1252,276.444444444444
1253,295.416666666667
1254,374.361111111111
1255,351.194444444444
1256,303.916666666667
1257,292.277777777778
1258,306.694444444444
1259,263.527777777778
1260,236.833333333333
1261,351.944444444444
1262,353.361111111111
1263,310.916666666667
1264,277.472222222222
1265,353.833333333333
1266,283.611111111111
1267,323.277777777778
1268,244.916666666667
1269,327.388888888889
1270,353.777777777778
1271,309.25
1272,321.166666666667
1273,310.694444444444
1274,283.277777777778
1275,305.138888888889
1276,340.694444444444
1277,246.361111111111
1278,291.361111111111
1279,303.722222222222
1280,358.305555555556
1281,314.916666666667
1282,231.611111111111
1283,269
1284,289.972222222222
1285,235.666666666667
1286,259.416666666667
1287,276.833333333333
1288,293.777777777778
1289,302.055555555556
1290,272.694444444444
1291,321.444444444444
1292,263.416666666667
1293,272.444444444444
1294,340.861111111111
1295,350.388888888889
1296,378.583333333333
1297,349.75
1298,259.611111111111
1299,335.972222222222
1300,282.166666666667
1301,310.694444444444
1302,386.444444444444
1303,302.583333333333
1304,327.166666666667
1305,282.305555555556
1306,315.277777777778
1307,321
1308,311.916666666667
1309,315.083333333333
1310,288.638888888889
1311,268.722222222222
1312,333.805555555556
1313,290.277777777778
1314,280.555555555556
1315,299.305555555556
1316,299.111111111111
1317,238.472222222222
1318,254
1319,303.277777777778
1320,334.166666666667
1321,310.638888888889
1322,400.222222222222
1323,252.694444444444
1324,273.111111111111
1325,267.527777777778
1326,307.944444444444
1327,344.388888888889
1328,257.361111111111
1329,300.583333333333
1330,271.111111111111
1331,268.583333333333
1332,260.444444444444
1333,367.944444444444
1334,309.638888888889
1335,281.055555555556
1336,319.777777777778
1337,284.888888888889
1338,266.777777777778
1339,335.333333333333
1340,329.916666666667
1341,326.555555555556
1342,321.972222222222
1343,264.861111111111
1344,218.555555555556
1345,302.111111111111
1346,307.194444444444
1347,288.666666666667
1348,254.583333333333
1349,330.166666666667
1350,280.166666666667
1351,301.333333333333
1352,288.138888888889
1353,330.25
1354,299.722222222222
1355,191.527777777778
1356,312.027777777778
1357,358.305555555556
1358,329.194444444444
1359,318.75
1360,246.138888888889
1361,312.166666666667
1362,308.583333333333
1363,288.305555555556
1364,251.611111111111
1365,346.222222222222
1366,299
1367,305.111111111111
1368,362.333333333333
1369,345.694444444444
1370,204.611111111111
1371,240.472222222222
1372,317
1373,284.277777777778
1374,345.027777777778
1375,289.472222222222
1376,310.611111111111
1377,240.027777777778
1378,340.194444444444
1379,292.583333333333
1380,251.722222222222
1381,232.222222222222
1382,281.666666666667
1383,249.583333333333
1384,352.138888888889
1385,372
1386,312.138888888889
1387,202.833333333333
1388,345.5
1389,246.972222222222
1390,264.361111111111
1391,266.138888888889
1392,338.527777777778
1393,278.805555555556
1394,286.166666666667
1395,329.638888888889
1396,322.444444444444
1397,293.611111111111
1398,245.972222222222
1399,263.638888888889
1400,362
1401,346
1402,354.138888888889
1403,330.944444444444
1404,296.472222222222
1405,310.194444444444
1406,311.25
1407,295.888888888889
1408,332.416666666667
1409,194.666666666667
1410,265.694444444444
1411,300.416666666667
1412,359.361111111111
1413,316.666666666667
1414,273.916666666667
1415,319.611111111111
1416,411.333333333333
1417,346.388888888889
1418,272.083333333333
1419,264.388888888889
1420,273.944444444444
1421,271.75
1422,283.416666666667
1423,261.916666666667
1424,404.083333333333
1425,363.444444444444
1426,285.138888888889
1427,358.444444444444
1428,321.527777777778
1429,292.444444444444
1430,304.722222222222
1431,278.472222222222
1432,256.277777777778
1433,251.611111111111
1434,299.75
1435,295.666666666667
1436,308.166666666667
1437,330.055555555556
1438,317.527777777778
1439,345.166666666667
1440,284.972222222222
1441,412.944444444444
1442,273.361111111111
1443,290.888888888889
1444,322.027777777778
1445,227.027777777778
1446,251.916666666667
1447,283
1448,287.194444444444
1449,349.527777777778
1450,247.916666666667
1451,312.805555555556
1452,305.944444444444
1453,306.138888888889
1454,301.722222222222
1455,332.388888888889
1456,356.805555555556
1457,341.666666666667
1458,307.277777777778
1459,325.222222222222
1460,327.416666666667
1461,317.666666666667
1462,313.666666666667
1463,299.888888888889
1464,271.944444444444
1465,313.583333333333
1466,280.166666666667
1467,336.361111111111
1468,339.805555555556
1469,272.138888888889
1470,275.138888888889
1471,275.833333333333
1472,329.916666666667
1473,266.305555555556
1474,353.111111111111
1475,319.083333333333
1476,337.888888888889
1477,298.805555555556
1478,269.944444444444
1479,314.277777777778
1480,263.777777777778
1481,260.138888888889
1482,325.5
1483,267.111111111111
1484,261.916666666667
1485,309.805555555556
1486,306.916666666667
1487,240.694444444444
1488,316.666666666667
1489,213.444444444444
1490,280.25
1491,349.972222222222
1492,373.25
1493,298.638888888889
1494,321.944444444444
1495,320.916666666667
1496,286.555555555556
1497,308.472222222222
1498,245.333333333333
1499,367.111111111111
1500,278.25
1501,260.694444444444
1502,335.916666666667
1503,313.555555555556
1504,321.5
1505,357.305555555556
1506,397.638888888889
1507,331.5
1508,354.25
1509,275.75
1510,303.472222222222
1511,306.972222222222
1512,307.916666666667
1513,373.888888888889
1514,237.833333333333
1515,328.361111111111
1516,350.222222222222
1517,282.944444444444
1518,275.833333333333
1519,320.972222222222
1520,321.777777777778
1521,305.5
1522,383.666666666667
1523,289.75
1524,231.583333333333
1525,281.416666666667
1526,320.777777777778
1527,299.944444444444
1528,330.777777777778
1529,286.25
1530,329.388888888889
1531,269.416666666667
1532,273.611111111111
1533,286.75
1534,272.916666666667
1535,245.75
1536,304.888888888889
1537,248.722222222222
1538,275.166666666667
1539,279.638888888889
1540,309.25
1541,286.166666666667
1542,274.472222222222
1543,255
1544,252.388888888889
1545,283.138888888889
1546,313.611111111111
1547,319.027777777778
1548,233.027777777778
1549,347.805555555556
1550,269.222222222222
1551,314.472222222222
1552,361.5
1553,327.888888888889
1554,273.805555555556
1555,354.666666666667
1556,291
1557,396.444444444444
1558,376.305555555556
1559,245.416666666667
1560,319.777777777778
1561,313.527777777778
1562,281.722222222222
1563,287.138888888889
1564,318.027777777778
1565,299.972222222222
1566,223.944444444444
1567,266.805555555556
1568,369.472222222222
1569,294.333333333333
1570,324.611111111111
1571,323.25
1572,342.916666666667
1573,281.305555555556
1574,361.777777777778
1575,273.916666666667
1576,226.444444444444
1577,299.416666666667
1578,298.861111111111
1579,292.166666666667
1580,321.527777777778
1581,330.555555555556
1582,355.611111111111
1583,354.388888888889
1584,334.694444444444
1585,330.333333333333
1586,290.833333333333
1587,325.722222222222
1588,304.666666666667
1589,235.861111111111
1590,254.027777777778
1591,340.861111111111
1592,297.722222222222
1593,281.666666666667
1594,318.444444444444
1595,285.083333333333
1596,291.555555555556
1597,307.722222222222
1598,355.472222222222
1599,276
1600,342.722222222222
1601,337.972222222222
1602,296.944444444444
1603,241.388888888889
1604,296.277777777778
1605,265.583333333333
1606,329.361111111111
1607,277.055555555556
1608,302.111111111111
1609,307.111111111111
1610,210.472222222222
1611,303.666666666667
1612,364.361111111111
1613,271.166666666667
1614,221
1615,280.472222222222
1616,230.833333333333
1617,293.333333333333
1618,350.666666666667
1619,345.555555555556
1620,327
1621,236.083333333333
1622,286.972222222222
1623,267.388888888889
1624,252.972222222222
1625,295.25
1626,285.527777777778
1627,246.277777777778
1628,314.111111111111
1629,350.888888888889
1630,402.888888888889
1631,354.5
1632,269.305555555556
1633,244.888888888889
1634,246.611111111111
1635,318.722222222222
1636,264.416666666667
1637,315.027777777778
1638,262.666666666667
1639,271.75
1640,342.361111111111
1641,309.638888888889
1642,296.111111111111
1643,327.805555555556
1644,246.027777777778
1645,324.805555555556
1646,343.25
1647,280.388888888889
1648,270.944444444444
1649,302.333333333333
1650,276.527777777778
1651,281.694444444444
1652,272.666666666667
1653,306.055555555556
1654,283.722222222222
1655,299.777777777778
1656,326.555555555556
1657,284.638888888889
1658,339.222222222222
1659,317.666666666667
1660,284.361111111111
1661,275.888888888889
1662,324.111111111111
1663,305.222222222222
1664,313.305555555556
1665,360.916666666667
1666,346.833333333333
1667,299.944444444444
1668,318.444444444444
1669,370.527777777778
1670,331.583333333333
1671,297.388888888889
1672,335.666666666667
1673,208.888888888889
1674,266.444444444444
1675,231.333333333333
1676,315.916666666667
1677,313.694444444444
1678,294.138888888889
1679,254.194444444444
1680,271.222222222222
1681,345.25
1682,291.638888888889
1683,256.972222222222
1684,289.666666666667
1685,296.138888888889
1686,253.027777777778
1687,284.083333333333
1688,305.666666666667
1689,319.027777777778
1690,263.444444444444
1691,359.722222222222
1692,285.527777777778
1693,331.861111111111
1694,218
1695,349.416666666667
1696,356.083333333333
1697,310.833333333333
1698,322.083333333333
1699,368.277777777778
1700,295.777777777778
1701,247.055555555556
1702,288.694444444444
1703,248.388888888889
1704,301.666666666667
1705,307.277777777778
1706,275.944444444444
1707,296.972222222222
1708,266.944444444444
1709,317.083333333333
1710,268.555555555556
1711,318.111111111111
1712,332.305555555556
1713,251.305555555556
1714,342.888888888889
1715,297.222222222222
1716,290.138888888889
1717,354.388888888889
1718,252.861111111111
1719,309.027777777778
1720,307.555555555556
1721,329.416666666667
1722,303.25
1723,307.805555555556
1724,300.555555555556
1725,315.361111111111
1726,332.083333333333
1727,314.472222222222
1728,278.666666666667
1729,223.666666666667
1730,364.361111111111
1731,264.083333333333
1732,201.888888888889
1733,281.972222222222
1734,269.888888888889
1735,308.527777777778
1736,300.777777777778
1737,281.166666666667
1738,314.777777777778
1739,266.472222222222
1740,336.416666666667
1741,281.5
1742,309.111111111111
1743,283.083333333333
1744,298.583333333333
1745,319.25
1746,376.972222222222
1747,299.583333333333
1748,281.75
1749,337.333333333333
1750,320.027777777778
1751,298.194444444444
1752,305.25
1753,347.972222222222
1754,314.027777777778
1755,285.638888888889
1756,292.388888888889
1757,315.861111111111
1758,269.861111111111
1759,248.027777777778
1760,392.083333333333
1761,330.722222222222
1762,243.888888888889
1763,355.638888888889
1764,360.611111111111
1765,241.138888888889
1766,270.805555555556
1767,270.611111111111
1768,283.916666666667
1769,261.694444444444
1770,329.472222222222
1771,241.861111111111
1772,294.944444444444
1773,289.888888888889
1774,310.888888888889
1775,280.527777777778
1776,281.972222222222
1777,318.472222222222
1778,330.833333333333
1779,294.888888888889
1780,369.333333333333
1781,289.333333333333
1782,327.916666666667
1783,352.361111111111
1784,266.972222222222
1785,313.305555555556
1786,277.555555555556
1787,263.083333333333
1788,260.805555555556
1789,227.222222222222
1790,252.25
1791,323.694444444444
1792,324.5
1793,329.138888888889
1794,283.75
1795,281.444444444444
1796,252.083333333333
1797,331.055555555556
1798,337.222222222222
1799,330.527777777778
1800,356.666666666667
1801,310
1802,346.666666666667
1803,348.638888888889
1804,323.611111111111
1805,384.166666666667
1806,293.777777777778
1807,323.611111111111
1808,313.055555555556
1809,252.027777777778
1810,394.833333333333
1811,372.555555555556
1812,245.75
1813,300.555555555556
1814,294.083333333333
1815,310.055555555556
1816,328.777777777778
1817,298.472222222222
1818,376.805555555556
1819,344.416666666667
1820,405.111111111111
1821,279.916666666667
1822,313.666666666667
1823,219.333333333333
1824,227.166666666667
1825,346.111111111111
1826,326.555555555556
1827,335.083333333333
1828,296.555555555556
1829,284.361111111111
1830,279.444444444444
1831,246.055555555556
1832,242.805555555556
1833,329.722222222222
1834,307.527777777778
1835,259.5
1836,273.027777777778
1837,362.888888888889
1838,348
1839,245.222222222222
1840,363.944444444444
1841,335.388888888889
1842,222.666666666667
1843,210.5
1844,311.666666666667
1845,320.666666666667
1846,228.777777777778
1847,316.25
1848,334.194444444444
1849,245.444444444444
1850,286.861111111111
1851,297.25
1852,264.25
1853,308.055555555556
1854,282.555555555556
1855,309.805555555556
1856,291
1857,298.5
1858,254.833333333333
1859,311.722222222222
1860,337.25
1861,299.75
1862,262
1863,257.361111111111
1864,307.861111111111
1865,289.416666666667
1866,271.361111111111
1867,323.888888888889
1868,321.638888888889
1869,283.916666666667
1870,227.555555555556
1871,271.194444444444
1872,211.138888888889
1873,295.388888888889
1874,323.277777777778
1875,309.444444444444
1876,368.583333333333
1877,295.944444444444
1878,247.722222222222
1879,324
1880,331.805555555556
1881,316.583333333333
1882,286.777777777778
1883,300.166666666667
1884,261.305555555556
1885,321.055555555556
1886,281.25
1887,254.388888888889
1888,310.833333333333
1889,292.444444444444
1890,272.472222222222
1891,361.527777777778
1892,254.055555555556
1893,342.555555555556
1894,260.972222222222
1895,273.611111111111
1896,345.666666666667
1897,294.638888888889
1898,282
1899,319.777777777778
1900,280.666666666667
1901,337.138888888889
1902,298.666666666667
1903,306.777777777778
1904,303.138888888889
1905,257.194444444444
1906,330.111111111111
1907,334.055555555556
1908,292.722222222222
1909,218.027777777778
1910,296.833333333333
1911,333.166666666667
1912,285.027777777778
1913,346.527777777778
1914,240.083333333333
1915,313.888888888889
1916,303.472222222222
1917,272.222222222222
1918,347.5
1919,281.944444444444
1920,294.805555555556
1921,284.861111111111
1922,312.416666666667
1923,257
1924,266.444444444444
1925,321.25
1926,290.805555555556
1927,223.972222222222
1928,319.638888888889
1929,362.722222222222
1930,356.166666666667
1931,249.194444444444
1932,280.833333333333
1933,285.277777777778
1934,307.444444444444
1935,207.305555555556
1936,340
1937,295.027777777778
1938,312.027777777778
1939,334.972222222222
1940,235.638888888889
1941,239.888888888889
1942,304.222222222222
1943,311.111111111111
1944,221.333333333333
1945,358.777777777778
1946,264.444444444444
1947,329.444444444444
1948,273.277777777778
1949,255.083333333333
1950,297.166666666667
1951,232.888888888889
1952,272.027777777778
1953,249
1954,289.222222222222
1955,314.472222222222
1956,306.333333333333
1957,265.972222222222
1958,324.5
1959,338.472222222222
1960,263.777777777778
1961,270.694444444444
1962,299.833333333333
1963,351.944444444444
1964,296.611111111111
1965,299.277777777778
1966,303.777777777778
1967,313.611111111111
1968,323.388888888889
1969,313.166666666667
1970,298.972222222222
1971,290.916666666667
1972,376.805555555556
1973,277.638888888889
1974,278.138888888889
1975,358.416666666667
1976,279
1977,340.611111111111
1978,313.055555555556
1979,323.444444444444
1980,312.027777777778
1981,279.777777777778
1982,267.944444444444
1983,279.444444444444
1984,334
1985,293.083333333333
1986,226.666666666667
1987,289
1988,326.5
1989,336.166666666667
1990,282.388888888889
1991,326.222222222222
1992,328.111111111111
1993,291.361111111111
1994,278
1995,332.222222222222
1996,248.805555555556
1997,291.138888888889
1998,307.833333333333
1999,325.75
2000,278
2001,354.277777777778
2002,344.527777777778
2003,278.861111111111
2004,293.777777777778
2005,257.833333333333
2006,304.027777777778
2007,275.027777777778
2008,360.75
2009,290.666666666667
2010,244.166666666667
2011,275.333333333333
2012,377.111111111111
2013,297.361111111111
2014,297.416666666667
2015,311.055555555556
2016,322.194444444444
2017,300.055555555556
2018,219.888888888889
2019,368.305555555556
2020,346.777777777778
2021,295.416666666667
2022,315.361111111111
2023,326.5
2024,286.055555555556
2025,331.861111111111
2026,339.388888888889
2027,285.722222222222
2028,269.472222222222
2029,304.388888888889
2030,321.5
2031,291.944444444444
2032,333.694444444444
2033,278.083333333333
2034,360.638888888889
2035,275.166666666667
2036,353.361111111111
2037,369.388888888889
2038,287.583333333333
2039,265.027777777778
2040,313.833333333333
2041,339.805555555556
2042,251.472222222222
2043,267.194444444444
2044,299.111111111111
2045,244.472222222222
2046,327.25
2047,321.277777777778
2048,265.138888888889
2049,266.666666666667
2050,380.5
2051,317.277777777778
2052,270.694444444444
2053,317.611111111111
2054,241.111111111111
2055,324.472222222222
2056,300
2057,357.138888888889
2058,244
2059,409.777777777778
2060,329.722222222222
2061,313.611111111111
2062,287.222222222222
2063,320.777777777778
2064,300.333333333333
2065,288
2066,289.694444444444
2067,256.666666666667
2068,291.472222222222
2069,287.555555555556
2070,308.444444444444
2071,385.944444444444
2072,324.972222222222
2073,315.472222222222
2074,313.25
2075,314.583333333333
2076,310.055555555556
2077,346.444444444444
2078,293.111111111111
2079,308.388888888889
2080,348
2081,274.861111111111
2082,270.333333333333
2083,318.75
2084,293.777777777778
2085,319.527777777778
2086,292.055555555556
2087,285.75
2088,334.611111111111
2089,239.416666666667
2090,280
2091,243
2092,263.166666666667
2093,264.277777777778
2094,355.777777777778
2095,405.805555555556
2096,279.333333333333
2097,296.166666666667
2098,270.055555555556
2099,272.972222222222
2100,263.25
2101,373.972222222222
2102,313.833333333333
2103,353.472222222222
2104,311.055555555556
2105,329.25
2106,258.638888888889
2107,308.555555555556
2108,265.777777777778
2109,228.805555555556
2110,251.638888888889
2111,283.444444444444
2112,290.027777777778
2113,329.194444444444
2114,328.111111111111
2115,340.361111111111
2116,347.25
2117,315
2118,381.694444444444
2119,330.055555555556
2120,260.861111111111
2121,347.722222222222
2122,319.583333333333
2123,273.777777777778
2124,298.027777777778
2125,313.194444444444
2126,245.805555555556
2127,316.194444444444
2128,298.305555555556
2129,338.361111111111
2130,235.777777777778
2131,281.361111111111
2132,293.833333333333
2133,341.944444444444
2134,267.388888888889
2135,277.5
2136,222.555555555556
2137,320.361111111111
2138,262.166666666667
2139,359.444444444444
2140,238
2141,323.416666666667
2142,273.027777777778
2143,314.055555555556
2144,299.277777777778
2145,336.583333333333
2146,310.388888888889
2147,301.388888888889
2148,287.083333333333
2149,324.916666666667
2150,269.416666666667
2151,338.5
2152,339.305555555556
2153,321.75
2154,349.277777777778
2155,353.638888888889
2156,300.75
2157,310.083333333333
2158,299.861111111111
2159,281.75
2160,210.361111111111
2161,278.222222222222
2162,333.111111111111
2163,333.611111111111
2164,270.861111111111
2165,285.222222222222
2166,310.361111111111
2167,266.638888888889
2168,309.305555555556
2169,354.444444444444
2170,339.166666666667
2171,260.972222222222
2172,259.972222222222
2173,348.861111111111
2174,291.388888888889
2175,335.444444444444
2176,273.138888888889
2177,306.666666666667
2178,304.805555555556
2179,314.583333333333
2180,324.027777777778
2181,289.25
2182,382.222222222222
2183,306.25
2184,272.277777777778
2185,293.527777777778
2186,279.138888888889
2187,310.027777777778
2188,312.472222222222
2189,269.194444444444
2190,375.583333333333
2191,374.194444444444
2192,289.277777777778
2193,272
2194,254.861111111111
2195,329.527777777778
2196,363.972222222222
2197,323.694444444444
2198,279
2199,226.611111111111
2200,255.5
2201,293.583333333333
2202,294.527777777778
2203,335.083333333333
2204,257.75
2205,362.444444444444
2206,375.166666666667
2207,318.277777777778
2208,348.138888888889
2209,291.305555555556
2210,274.444444444444
2211,270.083333333333
2212,279.777777777778
2213,260.416666666667
2214,366.861111111111
2215,325
2216,318.777777777778
2217,338.055555555556
2218,356.638888888889
2219,267.444444444444
2220,313.944444444444
2221,325.916666666667
2222,309.305555555556
2223,339.25
2224,341.638888888889
2225,290.666666666667
2226,352.388888888889
2227,326.055555555556
2228,313.611111111111
2229,293.055555555556
2230,326.277777777778
2231,325.5
2232,261.861111111111
2233,232.083333333333
2234,293.083333333333
2235,331.277777777778
2236,248.777777777778
2237,288.694444444444
2238,306.055555555556
2239,335.833333333333
2240,337.805555555556
2241,242.416666666667
2242,279.222222222222
2243,290.305555555556
2244,300.916666666667
2245,400.5
2246,328.444444444444
2247,255.583333333333
2248,279.305555555556
2249,275.75
2250,276.25
2251,249.555555555556
2252,291.111111111111
2253,407.611111111111
2254,313.027777777778
2255,263.027777777778
2256,268.777777777778
2257,316.555555555556
2258,300.083333333333
2259,296.472222222222
2260,359.194444444444
2261,265.222222222222
2262,290.638888888889
2263,293.666666666667
2264,275.166666666667
2265,335.166666666667
2266,278
2267,258.472222222222
2268,346.833333333333
2269,338.222222222222
2270,305.527777777778
2271,366.833333333333
2272,276.944444444444
2273,295.305555555556
2274,329.416666666667
2275,349.972222222222
2276,357.194444444444
2277,326
2278,330.388888888889
2279,288.305555555556
2280,312.611111111111
2281,226.25
2282,315.055555555556
2283,291.472222222222
2284,286.555555555556
2285,289.472222222222
2286,312.111111111111
2287,221.138888888889
2288,284.611111111111
2289,263.861111111111
2290,350.611111111111
2291,280.527777777778
2292,285.111111111111
2293,304.055555555556
2294,377.833333333333
2295,280.083333333333
2296,314.694444444444
2297,296.944444444444
2298,256.805555555556
2299,312.166666666667
2300,334.583333333333
2301,285.611111111111
2302,378.388888888889
2303,313.888888888889
2304,301.888888888889
2305,298.527777777778
2306,315.5
2307,275.472222222222
2308,319.666666666667
2309,266.111111111111
2310,398.805555555556
2311,427.333333333333
2312,291.861111111111
2313,313
2314,280
2315,335.444444444444
2316,299.638888888889
2317,262.083333333333
2318,298.333333333333
2319,385.361111111111
2320,252.694444444444
2321,315
2322,261.277777777778
2323,300.805555555556
2324,288.972222222222
2325,299.472222222222
2326,336.861111111111
2327,325.638888888889
2328,342.944444444444
2329,345.138888888889
2330,289.333333333333
2331,326.055555555556
2332,249.166666666667
2333,308.416666666667
2334,244.083333333333
2335,234.694444444444
2336,298.861111111111
2337,278.138888888889
2338,314.527777777778
2339,340.666666666667
2340,279.611111111111
2341,353.055555555556
2342,213.666666666667
2343,392.166666666667
2344,317.222222222222
2345,227.777777777778
2346,323.75
2347,310
2348,311.694444444444
2349,247.972222222222
2350,324.861111111111
2351,285.166666666667
2352,376.361111111111
2353,304.5
2354,313.416666666667
2355,292.5
2356,251.833333333333
2357,273.277777777778
2358,309.694444444444
2359,279.333333333333
2360,248.361111111111
2361,283.444444444444
2362,371.527777777778
2363,327.916666666667
2364,307.416666666667
2365,262.416666666667
2366,325.555555555556
2367,227.472222222222
2368,270
2369,286.805555555556
2370,369.694444444444
2371,253.972222222222
2372,305.777777777778
2373,381.916666666667
2374,307.722222222222
2375,300
2376,234.194444444444
2377,306.972222222222
2378,306.694444444444
2379,304.722222222222
2380,371.722222222222
2381,324.305555555556
2382,266.138888888889
2383,326.722222222222
2384,254.833333333333
2385,363.416666666667
2386,326.222222222222
2387,315.416666666667
2388,380.777777777778
2389,338
2390,363.388888888889
2391,327.527777777778
2392,227.527777777778
2393,252.25
2394,339.666666666667
2395,335.277777777778
2396,251.055555555556
2397,255.027777777778
2398,269.361111111111
2399,347.972222222222
2400,268.333333333333
2401,313.694444444444
2402,222.638888888889
2403,306.666666666667
2404,342.861111111111
2405,297.833333333333
2406,218.472222222222
2407,424.416666666667
2408,327.166666666667
2409,337.75
2410,273.25
2411,286.666666666667
2412,339.083333333333
2413,246.194444444444
2414,262.5
2415,326
2416,300.416666666667
2417,347.805555555556
2418,309.777777777778
2419,295.638888888889
2420,288.416666666667
2421,316.111111111111
2422,305.666666666667
2423,274.861111111111
2424,292.444444444444
2425,384.138888888889
2426,272.388888888889
2427,310.472222222222
2428,274.055555555556
2429,246.888888888889
2430,200.194444444444
2431,251.833333333333
2432,342.5
2433,277.305555555556
2434,309.666666666667
2435,334.361111111111
2436,246.277777777778
2437,239.722222222222
2438,267.388888888889
2439,405.916666666667
2440,257.055555555556
2441,349.166666666667
2442,295.472222222222
2443,313.583333333333
2444,288.083333333333
2445,360.805555555556
2446,349.833333333333
2447,267.666666666667
2448,352.944444444444
2449,270.666666666667
2450,293.277777777778
2451,328
2452,353.222222222222
2453,326.805555555556
2454,252.305555555556
2455,331
2456,290.5
2457,231.388888888889
2458,255.083333333333
2459,280.166666666667
2460,306.583333333333
2461,308.777777777778
2462,264.694444444444
2463,354.027777777778
2464,292.444444444444
2465,325.138888888889
2466,304.527777777778
2467,297.361111111111
2468,382.416666666667
2469,392.472222222222
2470,352.25
2471,329.694444444444
2472,311.166666666667
2473,355.194444444444
2474,328.111111111111
2475,288.333333333333
2476,283.916666666667
2477,226.972222222222
2478,316.583333333333
2479,315.833333333333
2480,321.805555555556
2481,268.277777777778
2482,320.083333333333
2483,319.861111111111
2484,288.194444444444
2485,253.944444444444
2486,252.611111111111
2487,201.777777777778
2488,343.25
2489,368.055555555556
2490,273.333333333333
2491,392.305555555556
2492,368.611111111111
2493,333.638888888889
2494,257.444444444444
2495,296.138888888889
2496,201.027777777778
2497,339.25
2498,270.055555555556
2499,284.361111111111
2500,323.222222222222
2501,296.055555555556
2502,359.694444444444
2503,292.916666666667
2504,327.416666666667
2505,303.111111111111
2506,290.194444444444
2507,271.638888888889
2508,329.944444444444
2509,267.388888888889
2510,296.555555555556
2511,332.361111111111
2512,298.861111111111
2513,346.055555555556
2514,299.972222222222
2515,300.944444444444
2516,348.777777777778
2517,344.416666666667
2518,340.555555555556
2519,298.611111111111
2520,327.166666666667
2521,364.888888888889
2522,342.444444444444
2523,348.138888888889
2524,276.833333333333
2525,231.5
2526,272.722222222222
2527,300.111111111111
2528,301.111111111111
2529,310.555555555556
2530,317.805555555556
2531,246
2532,282.638888888889
2533,267.222222222222
2534,298.472222222222
2535,283.194444444444
2536,216.111111111111
2537,346
2538,349.027777777778
2539,242.777777777778
2540,250.972222222222
2541,268.777777777778
2542,360.416666666667
2543,377.777777777778
2544,256.75
2545,272.916666666667
2546,274.75
2547,259.222222222222
2548,270.111111111111
2549,322.972222222222
2550,302.777777777778
2551,242.833333333333
2552,295.861111111111
2553,242.138888888889
2554,256.888888888889
2555,267.527777777778
2556,252.861111111111
2557,309.083333333333
2558,315.388888888889
2559,320.972222222222
2560,274.388888888889
2561,325.805555555556
2562,314.111111111111
2563,241.083333333333
2564,348.888888888889
2565,262.083333333333
2566,305.638888888889
2567,252.805555555556
2568,263.555555555556
2569,363.722222222222
2570,247.027777777778
2571,326.861111111111
2572,289.305555555556
2573,367.472222222222
2574,291.388888888889
2575,304.416666666667
2576,292.888888888889
2577,336.694444444444
2578,329.805555555556
2579,316.527777777778
2580,284.5
2581,297.888888888889
2582,395.027777777778
2583,332.083333333333
2584,313.333333333333
2585,304.472222222222
2586,257.555555555556
2587,330.305555555556
2588,336.472222222222
2589,282.333333333333
2590,197.222222222222
2591,266.722222222222
2592,263.694444444444
2593,332.611111111111
2594,347.75
2595,375
2596,277.666666666667
2597,196.861111111111
2598,321.555555555556
2599,306.861111111111
2600,249.583333333333
2601,335.222222222222
2602,282.222222222222
2603,292.555555555556
2604,272.583333333333
2605,291.694444444444
2606,333.305555555556
2607,283.583333333333
2608,326.583333333333
2609,327.777777777778
2610,281.722222222222
2611,369.694444444444
2612,330.722222222222
2613,292.444444444444
2614,358.861111111111
2615,265.861111111111
2616,278.083333333333
2617,333.333333333333
2618,355.944444444444
2619,269.166666666667
2620,263.25
2621,273.277777777778
2622,345.527777777778
2623,267.861111111111
2624,248
2625,312
2626,255.166666666667
2627,300.444444444444
2628,220.666666666667
2629,345.361111111111
2630,369.75
2631,310.25
2632,345.722222222222
2633,363
2634,257.5
2635,201.888888888889
2636,282.194444444444
2637,184.333333333333
2638,337.916666666667
2639,299.805555555556
2640,294.805555555556
2641,332.861111111111
2642,265.611111111111
2643,308.277777777778
2644,284.888888888889
2645,300.611111111111
2646,294.222222222222
2647,318.416666666667
2648,315.222222222222
2649,362.694444444444
2650,370.194444444444
2651,334.333333333333
2652,284.25
2653,328.583333333333
2654,324.166666666667
2655,345.027777777778
2656,280.222222222222
2657,273.166666666667
2658,297.888888888889
2659,350.972222222222
2660,351.416666666667
2661,302.583333333333
2662,298.805555555556
2663,240.611111111111
2664,299.277777777778
2665,344.944444444444
2666,341.361111111111
2667,312
2668,314.75
2669,276.138888888889
2670,281.5
2671,355.111111111111
2672,261.75
2673,213.416666666667
2674,287.333333333333
2675,327.083333333333
2676,295.138888888889
2677,278.166666666667
2678,235.527777777778
2679,294.75
2680,285.444444444444
2681,253.25
2682,299.777777777778
2683,342.472222222222
2684,332.027777777778
2685,263.305555555556
2686,281.666666666667
2687,327.722222222222
2688,356.416666666667
2689,277.416666666667
2690,275.916666666667
2691,268.416666666667
2692,346.111111111111
2693,295.222222222222
2694,302.777777777778
2695,272.666666666667
2696,270.527777777778
2697,289.666666666667
2698,222.5
2699,260.527777777778
2700,277.888888888889
2701,354.611111111111
2702,316.277777777778
2703,312
2704,257.944444444444
2705,375.166666666667
2706,258.444444444444
2707,321.444444444444
2708,327.527777777778
2709,289.833333333333
2710,310.944444444444
2711,291.472222222222
2712,305.277777777778
2713,246.277777777778
2714,297.694444444444
2715,309.75
2716,303
2717,319.25
2718,296.694444444444
2719,310.166666666667
2720,322.972222222222
2721,255.083333333333
2722,344.055555555556
2723,265.444444444444
2724,309.5
2725,272.972222222222
2726,176.444444444444
2727,303.444444444444
2728,277.972222222222
2729,313.222222222222
2730,291.416666666667
2731,312.416666666667
2732,324.527777777778
2733,337.166666666667
2734,363.444444444444
2735,283.361111111111
2736,257.333333333333
2737,322.777777777778
2738,297.694444444444
2739,368.194444444444
2740,266.361111111111
2741,295.166666666667
2742,246.722222222222
2743,313.722222222222
2744,295.583333333333
2745,312.416666666667
2746,337.055555555556
2747,298.222222222222
2748,262.111111111111
2749,312.083333333333
2750,292.25
2751,313.527777777778
2752,302.722222222222
2753,325.305555555556
2754,340.916666666667
2755,265.25
2756,288.666666666667
2757,221.083333333333
2758,317.25
2759,356.75
2760,315.361111111111
2761,270.694444444444
2762,315.138888888889
2763,303.111111111111
2764,275.111111111111
2765,319.083333333333
2766,326.944444444444
2767,274.027777777778
2768,329.666666666667
2769,323.638888888889
2770,270.305555555556
2771,328.138888888889
2772,275.916666666667
2773,299.944444444444
2774,333.694444444444
2775,280.416666666667
2776,240.027777777778
2777,309.888888888889
2778,270.583333333333
2779,375.472222222222
2780,285.833333333333
2781,237.25
2782,298.944444444444
2783,309.166666666667
2784,249.166666666667
2785,328.138888888889
2786,278.416666666667
2787,293.861111111111
2788,341.694444444444
2789,320.527777777778
2790,295.5
2791,300
2792,227.638888888889
2793,291.472222222222
2794,348.277777777778
2795,283.555555555556
2796,370.555555555556
2797,337.277777777778
2798,295.388888888889
2799,309.444444444444
2800,329.277777777778
2801,272.194444444444
2802,290.861111111111
2803,367.694444444444
2804,276.194444444444
2805,266.944444444444
2806,277.75
2807,239.361111111111
2808,272.444444444444
2809,331.027777777778
2810,248.138888888889
2811,353.75
2812,349.111111111111
2813,269.916666666667
2814,405.666666666667
2815,210.555555555556
2816,310.833333333333
2817,273.222222222222
2818,255.194444444444
2819,360.833333333333
2820,360.611111111111
2821,317.194444444444
2822,302.111111111111
2823,288.305555555556
2824,275.444444444444
2825,283.083333333333
2826,231.972222222222
2827,278.305555555556
2828,312.777777777778
2829,314.055555555556
2830,293.305555555556
2831,245.555555555556
2832,316.277777777778
2833,354.222222222222
2834,265.25
2835,309.666666666667
2836,305.111111111111
2837,317.25
2838,247.277777777778
2839,338.805555555556
2840,310.194444444444
2841,308.083333333333
2842,318.361111111111
2843,419.666666666667
2844,293.472222222222
2845,382.777777777778
2846,284.527777777778
2847,348.055555555556
2848,240.833333333333
2849,277.638888888889
2850,302.527777777778
2851,245.611111111111
2852,269.861111111111
2853,280.444444444444
2854,313
2855,349.194444444444
2856,277.527777777778
2857,319.416666666667
2858,328.333333333333
2859,306.638888888889
2860,292.916666666667
2861,313.638888888889
2862,371.5
2863,281.916666666667
2864,243.888888888889
2865,304.138888888889
2866,349.055555555556
2867,270.361111111111
2868,338.361111111111
2869,349.5
2870,325.361111111111
2871,348.277777777778
2872,352
2873,315.722222222222
2874,249.694444444444
2875,277.361111111111
2876,387.277777777778
2877,313.388888888889
2878,382.611111111111
2879,304.138888888889
2880,294.055555555556
2881,358.027777777778
2882,307.5
2883,317.361111111111
2884,310.611111111111
2885,295.888888888889
2886,295.222222222222
2887,358.611111111111
2888,308.416666666667
2889,252.027777777778
2890,362.888888888889
2891,378.305555555556
2892,286.166666666667
2893,290
2894,267.583333333333
2895,357.472222222222
2896,324.777777777778
2897,282.777777777778
2898,289.722222222222
2899,266.111111111111
2900,208.472222222222
2901,358.25
2902,293.638888888889
2903,266.805555555556
2904,363
2905,274.444444444444
2906,287.555555555556
2907,272.055555555556
2908,317.694444444444
2909,281.833333333333
2910,335.472222222222
2911,302.777777777778
2912,295.305555555556
2913,310.166666666667
2914,340.472222222222
2915,270.972222222222
2916,285.555555555556
2917,314.194444444444
2918,339.277777777778
2919,308.444444444444
2920,363.166666666667
2921,284.222222222222
2922,322.416666666667
2923,314.027777777778
2924,324.888888888889
2925,278.333333333333
2926,421.75
2927,296.833333333333
2928,307.694444444444
2929,267.277777777778
2930,259.694444444444
2931,269
2932,349.916666666667
2933,281.611111111111
2934,339.416666666667
2935,266.861111111111
2936,288.861111111111
2937,390.416666666667
2938,256.722222222222
2939,338.416666666667
2940,294.5
2941,303.25
2942,295.611111111111
2943,287.861111111111
2944,325.777777777778
2945,312.888888888889
2946,289.916666666667
2947,340.888888888889
2948,346.111111111111
2949,254.555555555556
2950,259.583333333333
2951,354.527777777778
2952,360.972222222222
2953,274.277777777778
2954,281.027777777778
2955,287.611111111111
2956,342.583333333333
2957,283.138888888889
2958,278.972222222222
2959,232.972222222222
2960,244.944444444444
2961,336.25
2962,287.555555555556
2963,354.194444444444
2964,293.083333333333
2965,338.583333333333
2966,328.166666666667
2967,192.305555555556
2968,336
2969,302.361111111111
2970,240.25
2971,307.805555555556
2972,300.972222222222
2973,315.138888888889
2974,282.861111111111
2975,319.583333333333
2976,348.611111111111
2977,295.888888888889
2978,326.416666666667
2979,237.555555555556
2980,293.75
2981,320.055555555556
2982,281.583333333333
2983,199.972222222222
2984,299.361111111111
2985,316.944444444444
2986,351.555555555556
2987,270.722222222222
2988,272.777777777778
2989,345.694444444444
2990,333.472222222222
2991,321.611111111111
2992,329.972222222222
2993,318.277777777778
2994,259.888888888889
2995,292.222222222222
2996,333.861111111111
2997,350.361111111111
2998,250.722222222222
2999,302.416666666667
3000,292.805555555556
3001,295.805555555556
3002,305.361111111111
3003,277.916666666667
3004,367.5
3005,246.305555555556
3006,259.666666666667
3007,282.75
3008,280.666666666667
3009,290.833333333333
3010,289.138888888889
3011,309.722222222222
3012,344.5
3013,286.75
3014,310.194444444444
3015,271.222222222222
3016,266.333333333333
3017,239.777777777778
3018,307.833333333333
3019,349.861111111111
3020,342.805555555556
3021,313.944444444444
3022,319.111111111111
3023,350.444444444444
3024,303.777777777778
3025,325.583333333333
3026,252.25
3027,263.388888888889
3028,269.388888888889
3029,269.305555555556
3030,286.5
3031,295.75
3032,246.472222222222
3033,317.083333333333
3034,334.527777777778
3035,354.916666666667
3036,306
3037,241.555555555556
3038,295.166666666667
3039,327.388888888889
3040,322.416666666667
3041,307.138888888889
3042,318.055555555556
3043,240.361111111111
3044,275.777777777778
3045,289.305555555556
3046,317.333333333333
3047,264.972222222222
3048,322.805555555556
3049,349.916666666667
3050,337.388888888889
3051,374.027777777778
3052,313.055555555556
3053,278.888888888889
3054,260.833333333333
3055,334.138888888889
3056,323.527777777778
3057,360.861111111111
3058,365.277777777778
3059,288.666666666667
3060,283.722222222222
3061,269.416666666667
3062,274.555555555556
3063,365.222222222222
3064,252.916666666667
3065,324.416666666667
3066,317.777777777778
3067,322.111111111111
3068,319.416666666667
3069,276.083333333333
3070,289.138888888889
3071,275.666666666667
3072,288.444444444444
3073,305.916666666667
3074,312.5
3075,293.916666666667
3076,323.305555555556
3077,371.833333333333
3078,345.222222222222
3079,359.861111111111
3080,290.777777777778
3081,304.555555555556
3082,290.361111111111
3083,282.527777777778
3084,335.555555555556
3085,271.555555555556
3086,297.777777777778
3087,307.138888888889
3088,387.972222222222
3089,284.527777777778
3090,292.333333333333
3091,267.833333333333
3092,256.888888888889
3093,236.777777777778
3094,273.666666666667
3095,297.388888888889
3096,287
3097,288.055555555556
3098,317.555555555556
3099,325.416666666667
3100,372.916666666667
3101,238.111111111111
3102,286.638888888889
3103,341.138888888889
3104,326.5
3105,335.222222222222
3106,295.333333333333
3107,238.944444444444
3108,202.833333333333
3109,303.527777777778
3110,339.388888888889
3111,321.222222222222
3112,330.361111111111
3113,345.25
3114,262.666666666667
3115,398.083333333333
3116,305.361111111111
3117,295.055555555556
3118,319.333333333333
3119,312.027777777778
3120,335.194444444444
3121,243
3122,254.611111111111
3123,333.666666666667
3124,294.138888888889
3125,289.444444444444
3126,353.083333333333
3127,311.25
3128,240.777777777778
3129,270.805555555556
3130,295.916666666667
3131,371.611111111111
3132,309.638888888889
3133,257.055555555556
3134,326.666666666667
3135,308.444444444444
3136,336.222222222222
3137,305.111111111111
3138,276.333333333333
3139,319.916666666667
3140,328.861111111111
3141,321.083333333333
3142,324.305555555556
3143,290.222222222222
3144,312.277777777778
3145,267.944444444444
3146,296.666666666667
3147,320.027777777778
3148,357.666666666667
3149,289.194444444444
3150,347.555555555556
3151,371.861111111111
3152,340.444444444444
3153,333.611111111111
3154,349.583333333333
3155,250.222222222222
3156,371
3157,282.083333333333
3158,303.777777777778
3159,339.138888888889
3160,232.027777777778
3161,246.888888888889
3162,210.055555555556
3163,267.694444444444
3164,295.5
3165,326.944444444444
3166,317
3167,312.25
3168,328.222222222222
3169,309.111111111111
3170,301.388888888889
3171,389.75
3172,258.888888888889
3173,362.944444444444
3174,339.583333333333
3175,268.166666666667
3176,280.583333333333
3177,285.888888888889
3178,343.666666666667
3179,308.527777777778
3180,318.472222222222
3181,339.166666666667
3182,225.222222222222
3183,206.611111111111
3184,302
3185,370.5
3186,359.916666666667
3187,212.5
3188,307.472222222222
3189,291.416666666667
3190,333.75
3191,266.305555555556
3192,344.555555555556
3193,337.388888888889
3194,266.305555555556
3195,285.944444444444
3196,311.055555555556
3197,388.305555555556
3198,294.055555555556
3199,289.75
3200,284.611111111111
3201,278.472222222222
3202,272.75
3203,311.472222222222
3204,258.166666666667
3205,333.361111111111
3206,244.861111111111
3207,283.583333333333
3208,284.25
3209,274.472222222222
3210,300.055555555556
3211,303.666666666667
3212,223.805555555556
3213,259.916666666667
3214,329.694444444444
3215,295.861111111111
3216,254.277777777778
3217,314.527777777778
3218,326.833333333333
3219,285.305555555556
3220,288.638888888889
3221,296.555555555556
3222,382.972222222222
3223,252.805555555556
3224,301.222222222222
3225,318.416666666667
3226,291.555555555556
3227,327.916666666667
3228,329.694444444444
3229,333.444444444444
3230,230.472222222222
3231,320.861111111111
3232,238.388888888889
3233,270.277777777778
3234,300.777777777778
3235,279.083333333333
3236,301.694444444444
3237,260.75
3238,297.638888888889
3239,350.027777777778
3240,311.777777777778
3241,299.777777777778
3242,348.916666666667
3243,342.444444444444
3244,310.305555555556
3245,347.694444444444
3246,261.111111111111
3247,285.166666666667
3248,282.027777777778
3249,386.638888888889
3250,384.5
3251,269.972222222222
3252,365.888888888889
3253,296.527777777778
3254,248.555555555556
3255,279.055555555556
3256,247.194444444444
3257,331.138888888889
3258,292.916666666667
3259,245.777777777778
3260,225.5
3261,333.972222222222
3262,290.444444444444
3263,234.75
3264,273.888888888889
3265,306.722222222222
3266,305.833333333333
3267,383.916666666667
3268,322.055555555556
3269,316.722222222222
3270,351.055555555556
3271,301.555555555556
3272,268.333333333333
3273,384.722222222222
3274,293.972222222222
3275,280.25
3276,298.222222222222
3277,316.611111111111
3278,280.944444444444
3279,271.416666666667
3280,306.888888888889
3281,252.388888888889
3282,299.111111111111
3283,269.361111111111
3284,278.138888888889
3285,268.166666666667
3286,271.472222222222
3287,258.527777777778
3288,340.555555555556
3289,278.472222222222
3290,310.861111111111
3291,319.222222222222
3292,247.805555555556
3293,328.083333333333
3294,292.861111111111
3295,351.972222222222
3296,294.111111111111
3297,325.416666666667
3298,222.75
3299,294.583333333333
3300,266.444444444444
3301,253.083333333333
3302,262.472222222222
3303,231.083333333333
3304,242.944444444444
3305,306.194444444444
3306,324.833333333333
3307,252.916666666667
3308,322.055555555556
3309,317.305555555556
3310,293.277777777778
3311,372.111111111111
3312,286.388888888889
3313,346.888888888889
3314,308.472222222222
3315,275.583333333333
3316,331.666666666667
3317,211.444444444444
3318,336.916666666667
3319,341.333333333333
3320,281.222222222222
3321,288.666666666667
3322,275.333333333333
3323,332.416666666667
3324,290.527777777778
3325,304.388888888889
3326,284.555555555556
3327,350.75
3328,289.666666666667
3329,237.5
3330,310
3331,217.305555555556
3332,275.611111111111
3333,386.25
3334,358.444444444444
3335,330.972222222222
3336,243.777777777778
3337,280.583333333333
3338,352.194444444444
3339,262.75
3340,417.944444444444
3341,255.611111111111
3342,313.777777777778
3343,350.361111111111
3344,350.444444444444
3345,238.805555555556
3346,365.638888888889
3347,290.583333333333
3348,346.361111111111
3349,274.805555555556
3350,303.361111111111
3351,251.833333333333
3352,360
3353,252.5
3354,283.416666666667
3355,239.277777777778
3356,308.527777777778
3357,252.527777777778
3358,341.5
3359,312.777777777778
3360,304.5
3361,303.666666666667
3362,271.555555555556
3363,254.277777777778
3364,266.222222222222
3365,287.194444444444
3366,309.5
3367,330.25
3368,347.027777777778
3369,291.555555555556
3370,274.722222222222
3371,395.027777777778
3372,364.638888888889
3373,273.083333333333
3374,326.722222222222
3375,307.777777777778
3376,322.111111111111
3377,317.972222222222
3378,365.944444444444
3379,291.194444444444
3380,226.583333333333
3381,384.722222222222
3382,282.861111111111
3383,277.25
3384,295.666666666667
3385,325.361111111111
3386,366.305555555556
3387,276.111111111111
3388,298.777777777778
3389,264.138888888889
3390,337.805555555556
3391,302.111111111111
3392,311.333333333333
3393,315.583333333333
3394,296.527777777778
3395,332.555555555556
3396,296.027777777778
3397,366.888888888889
3398,244.583333333333
3399,280.222222222222
3400,304.333333333333
3401,289.5
3402,284.222222222222
3403,264.861111111111
3404,349.472222222222
3405,273.833333333333
3406,272.722222222222
3407,258.055555555556
3408,329.305555555556
3409,359.916666666667
3410,310.777777777778
3411,415.722222222222
3412,287.916666666667
3413,360.694444444444
3414,385.722222222222
3415,231.333333333333
3416,262.027777777778
3417,283.166666666667
3418,391.194444444444
3419,303.305555555556
3420,341.111111111111
3421,226.472222222222
3422,301.861111111111
3423,324.083333333333
3424,275.305555555556
3425,254.722222222222
3426,250.111111111111
3427,327.638888888889
3428,361.388888888889
3429,317.75
3430,317.944444444444
3431,315.972222222222
3432,334.527777777778
3433,318.416666666667
3434,274.777777777778
3435,324.75
3436,341.666666666667
3437,259.527777777778
3438,341.25
3439,344.972222222222
3440,229.083333333333
3441,274.138888888889
3442,213.972222222222
3443,207.972222222222
3444,240.972222222222
3445,384.944444444444
3446,347.75
3447,282.638888888889
3448,281.638888888889
3449,375.666666666667
3450,372
3451,233.472222222222
3452,332.277777777778
3453,260.055555555556
3454,268.305555555556
3455,331.055555555556
3456,255.805555555556
3457,326.722222222222
3458,302.777777777778
3459,305.472222222222
3460,334.722222222222
3461,306.777777777778
3462,306.944444444444
3463,292.444444444444
3464,356.888888888889
3465,326.555555555556
3466,280.972222222222
3467,288.222222222222
3468,347.638888888889
3469,330.861111111111
3470,255.138888888889
3471,276.222222222222
3472,234.333333333333
3473,341.388888888889
3474,318.055555555556
3475,332.833333333333
3476,274.194444444444
3477,272.833333333333
3478,356.833333333333
3479,287.027777777778
3480,272.722222222222
3481,337.694444444444
3482,228.777777777778
3483,304.305555555556
3484,311.055555555556
3485,371.111111111111
3486,260.944444444444
3487,338.25
3488,345.111111111111
3489,381.388888888889
3490,231.166666666667
3491,305.916666666667
3492,300.666666666667
3493,283.305555555556
3494,229.027777777778
3495,267.666666666667
3496,306.166666666667
3497,371.611111111111
3498,368.527777777778
3499,326.833333333333
3500,309.527777777778
3501,345.194444444444
3502,273.972222222222
3503,373.305555555556
3504,368.944444444444
3505,280.972222222222
3506,369
3507,318.083333333333
3508,269.472222222222
3509,371.861111111111
3510,313.277777777778
3511,287.555555555556
3512,231.138888888889
3513,337.555555555556
3514,319.777777777778
3515,270.222222222222
3516,243.972222222222
3517,285
3518,298.555555555556
3519,349.722222222222
3520,322.861111111111
3521,309.527777777778
3522,334.944444444444
3523,360.472222222222
3524,295.083333333333
3525,257
3526,295.472222222222
3527,363.083333333333
3528,320.75
3529,288.5
3530,305.916666666667
3531,243.944444444444
3532,309.111111111111
3533,331.805555555556
3534,288.222222222222
3535,357.916666666667
3536,331.777777777778
3537,294.722222222222
3538,241.666666666667
3539,281.166666666667
3540,415.222222222222
3541,286.916666666667
3542,372.944444444444
3543,273.083333333333
3544,333.111111111111
3545,305.555555555556
3546,372.666666666667
3547,321.722222222222
3548,370.555555555556
3549,310.805555555556
3550,359.222222222222
3551,364.388888888889
3552,321.611111111111
3553,343.222222222222
3554,278
3555,274.527777777778
3556,318.166666666667
3557,332.5
3558,285.194444444444
3559,327.75
3560,327.222222222222
3561,298.138888888889
3562,283.805555555556
3563,320.972222222222
3564,282.25
3565,291.138888888889
3566,332.222222222222
3567,369.583333333333
3568,349
3569,325.444444444444
3570,326.75
3571,276.277777777778
3572,342.111111111111
3573,304.972222222222
3574,279.75
3575,363.916666666667
3576,276.583333333333
3577,320.888888888889
3578,321.472222222222
3579,334.611111111111
3580,258.138888888889
3581,260.444444444444
3582,375.166666666667
3583,305.888888888889
3584,286.25
3585,306.333333333333
3586,307.083333333333
3587,310.611111111111
3588,342.194444444444
3589,283.25
3590,340.388888888889
3591,297.805555555556
3592,285.611111111111
3593,287.555555555556
3594,305.777777777778
3595,329.055555555556
3596,301.527777777778
3597,392.027777777778
3598,278.083333333333
3599,294.388888888889
3600,307.166666666667
3601,356.027777777778
3602,321.75
3603,314.861111111111
3604,317.305555555556
3605,297.861111111111
3606,399.5
3607,365.333333333333
3608,328.944444444444
3609,284.833333333333
3610,304.194444444444
3611,207.666666666667
3612,323.222222222222
3613,242.638888888889
3614,330.666666666667
3615,278.833333333333
3616,292.611111111111
3617,300.555555555556
3618,269.527777777778
3619,349.722222222222
3620,203.416666666667
3621,337.472222222222
3622,267.75
3623,278.972222222222
3624,361.25
3625,315.611111111111
3626,374.277777777778
3627,334.5
3628,241.722222222222
3629,325.861111111111
3630,356.083333333333
3631,238.666666666667
3632,306.111111111111
3633,341.972222222222
3634,269.833333333333
3635,304.361111111111
3636,280.583333333333
3637,270.194444444444
3638,333.888888888889
3639,304.555555555556
3640,339.027777777778
3641,342.111111111111
3642,381.888888888889
3643,346.777777777778
3644,365.055555555556
3645,313.583333333333
3646,231.972222222222
3647,333.833333333333
3648,250.361111111111
3649,320.388888888889
3650,302.222222222222
3651,262.694444444444
3652,297.305555555556
3653,258.138888888889
3654,310.666666666667
3655,300.694444444444
3656,264.694444444444
3657,305.944444444444
3658,259.611111111111
3659,283.861111111111
3660,265.027777777778
3661,258.694444444444
3662,368.861111111111
3663,268.777777777778
3664,287.555555555556
3665,297.805555555556
3666,259.611111111111
3667,276.75
3668,302.5
3669,312.388888888889
3670,314.25
3671,260.472222222222
3672,294.222222222222
3673,382.805555555556
3674,273.722222222222
3675,325.222222222222
3676,279.527777777778
3677,354.861111111111
3678,288.916666666667
3679,322.138888888889
3680,325.027777777778
3681,225.944444444444
3682,283.916666666667
3683,340.138888888889
3684,279.944444444444
3685,260
3686,354.527777777778
3687,301.388888888889
3688,283.055555555556
3689,334.972222222222
3690,252.805555555556
3691,310.611111111111
3692,317.333333333333
3693,309.944444444444
3694,296.611111111111
3695,279.333333333333
3696,273.5
3697,298.194444444444
3698,246.25
3699,306.222222222222
3700,349.027777777778
3701,280.555555555556
3702,291.305555555556
3703,272.555555555556
3704,263.527777777778
3705,281.583333333333
3706,353.222222222222
3707,265.194444444444
3708,358.472222222222
3709,272.083333333333
3710,336.305555555556
3711,335.222222222222
3712,284.083333333333
3713,338.027777777778
3714,281.944444444444
3715,283.75
3716,273.694444444444
3717,286.805555555556
3718,341.361111111111
3719,326.861111111111
3720,295.083333333333
3721,234.666666666667
3722,307.777777777778
3723,237.194444444444
3724,286.777777777778
3725,303.361111111111
3726,331.805555555556
3727,337.25
3728,332.944444444444
3729,289.75
3730,299.75
3731,291.305555555556
3732,242.111111111111
3733,267.777777777778
3734,303.416666666667
3735,273.472222222222
3736,279.527777777778
3737,317.305555555556
3738,243.805555555556
3739,288.5
3740,296.777777777778
3741,373.194444444444
3742,241.833333333333
3743,349.777777777778
3744,358.611111111111
3745,288.611111111111
3746,344.277777777778
3747,316
3748,289.527777777778
3749,265.277777777778
3750,320.472222222222
3751,333.111111111111
3752,250.888888888889
3753,261.944444444444
3754,334.388888888889
3755,236.222222222222
3756,305.694444444444
3757,298.944444444444
3758,320.555555555556
3759,355.75
3760,311.083333333333
3761,317.916666666667
3762,363.472222222222
3763,318.388888888889
3764,227.916666666667
3765,304.111111111111
3766,318.972222222222
3767,295.472222222222
3768,301.916666666667
3769,319.805555555556
3770,302.583333333333
3771,315.861111111111
3772,322.138888888889
3773,295.916666666667
3774,318.222222222222
3775,282.166666666667
3776,302.5
3777,335.111111111111
3778,248.666666666667
3779,325.944444444444
3780,207.694444444444
3781,299.416666666667
3782,314.666666666667
3783,283.666666666667
3784,277.055555555556
3785,259.666666666667
3786,318.944444444444
3787,244.833333333333
3788,300.888888888889
3789,247.75
3790,259
3791,342.666666666667
3792,322.416666666667
3793,216.361111111111
3794,327.166666666667
3795,308.611111111111
3796,266.194444444444
3797,361.888888888889
3798,317.805555555556
3799,267.472222222222
3800,255.083333333333
3801,337.888888888889
3802,245.5
3803,314.194444444444
3804,266.777777777778
3805,305.833333333333
3806,233.861111111111
3807,294.861111111111
3808,371.138888888889
3809,304.388888888889
3810,308.388888888889
3811,268.222222222222
3812,268.027777777778
3813,233.777777777778
3814,298.666666666667
3815,378.166666666667
3816,307.416666666667
3817,259.5
3818,329.083333333333
3819,232.444444444444
3820,304.388888888889
3821,278.583333333333
3822,295.055555555556
3823,298.25
3824,352.638888888889
3825,271.194444444444
3826,295.638888888889
3827,331.972222222222
3828,295.361111111111
3829,306.277777777778
3830,348.972222222222
3831,245.166666666667
3832,391.055555555556
3833,359.138888888889
3834,264.138888888889
3835,355.777777777778
3836,378.527777777778
3837,292.166666666667
3838,328.444444444444
3839,314.666666666667
3840,304.277777777778
3841,314.083333333333
3842,352.527777777778
3843,277.833333333333
3844,314.166666666667
3845,321
3846,267.166666666667
3847,331.722222222222
3848,305.5
3849,342.944444444444
3850,351.972222222222
3851,279.916666666667
3852,339.916666666667
3853,334.472222222222
3854,289.583333333333
3855,328.472222222222
3856,338.611111111111
3857,348.638888888889
3858,316.75
3859,253.861111111111
3860,315.5
3861,277.083333333333
3862,305.694444444444
3863,340
3864,288.138888888889
3865,348.944444444444
3866,254.333333333333
3867,238.305555555556
3868,295.416666666667
3869,326.416666666667
3870,277.861111111111
3871,287.5
3872,329.472222222222
3873,290.972222222222
3874,282.972222222222
3875,357.138888888889
3876,289.833333333333
3877,304.5
3878,309
3879,324.972222222222
3880,225.166666666667
3881,331.027777777778
3882,297.305555555556
3883,297.861111111111
3884,364.138888888889
3885,373.472222222222
3886,347.555555555556
3887,289.388888888889
3888,353.777777777778
3889,347.25
3890,363.722222222222
3891,294.666666666667
3892,255.638888888889
3893,325.166666666667
3894,306.833333333333
3895,383.333333333333
3896,271.222222222222
3897,297.388888888889
3898,295
3899,279.75
3900,262.472222222222
3901,326.916666666667
3902,252.222222222222
3903,278.138888888889
3904,327.611111111111
3905,237.861111111111
3906,234.527777777778
3907,357.472222222222
3908,375.805555555556
3909,263.222222222222
3910,277.722222222222
3911,346.361111111111
3912,318.444444444444
3913,329.694444444444
3914,309.583333333333
3915,308.25
3916,315.833333333333
3917,303.638888888889
3918,340.555555555556
3919,298.166666666667
3920,281.138888888889
3921,278.666666666667
3922,318.888888888889
3923,273.222222222222
3924,244.75
3925,361.555555555556
3926,297.611111111111
3927,327.777777777778
3928,307.666666666667
3929,275.666666666667
3930,281.305555555556
3931,306.222222222222
3932,333.027777777778
3933,282.166666666667
3934,262.611111111111
3935,307.611111111111
3936,318.75
3937,313.166666666667
3938,265.638888888889
3939,310.166666666667
3940,281.027777777778
3941,289.388888888889
3942,261.666666666667
3943,272.611111111111
3944,297.777777777778
3945,235.944444444444
3946,262.777777777778
3947,261.555555555556
3948,380.5
3949,302.416666666667
3950,242.583333333333
3951,298.722222222222
3952,320.333333333333
3953,243.944444444444
3954,329.583333333333
3955,310.861111111111
3956,294.583333333333
3957,361.111111111111
3958,358.388888888889
3959,264.777777777778
3960,271.611111111111
3961,244.166666666667
3962,352.083333333333
3963,247.444444444444
3964,350.694444444444
3965,272.972222222222
3966,255.583333333333
3967,350.416666666667
3968,272.333333333333
3969,321.805555555556
3970,342.555555555556
3971,285.25
3972,310.111111111111
3973,320
3974,305.222222222222
3975,297.861111111111
3976,337.444444444444
3977,254.666666666667
3978,290.166666666667
3979,260.861111111111
3980,387.083333333333
3981,268.027777777778
3982,310.083333333333
3983,311.333333333333
3984,330
3985,248
3986,321.944444444444
3987,363.111111111111
3988,221.944444444444
3989,236.444444444444
3990,320.611111111111
3991,329.638888888889
3992,274.444444444444
3993,319.416666666667
3994,321.555555555556
3995,320.194444444444
3996,327.305555555556
3997,247.138888888889
3998,319.805555555556
3999,257.555555555556
4000,330.861111111111
4001,290.333333333333
4002,281.916666666667
4003,274.694444444444
4004,277.75
4005,317.555555555556
4006,321.888888888889
4007,248.305555555556
4008,344.833333333333
4009,325.666666666667
4010,280.638888888889
4011,287.083333333333
4012,268.833333333333
4013,362.583333333333
4014,361.722222222222
4015,347.888888888889
4016,293.888888888889
4017,306.75
4018,252.972222222222
4019,254.666666666667
4020,250.027777777778
4021,325.055555555556
4022,316.833333333333
4023,271.916666666667
4024,298.805555555556
4025,356.5
4026,264.416666666667
4027,274.027777777778
4028,324
4029,212.5
4030,246.583333333333
4031,305.861111111111
4032,250.555555555556
4033,336
4034,274.222222222222
4035,243.222222222222
4036,339.138888888889
4037,313.388888888889
4038,298.722222222222
4039,283.722222222222
4040,275.277777777778
4041,286.833333333333
4042,326.111111111111
4043,296.361111111111
4044,329.388888888889
4045,281.5
4046,298.222222222222
4047,308.888888888889
4048,370.388888888889
4049,387.083333333333
4050,300.388888888889
4051,292.111111111111
4052,318.916666666667
4053,341.861111111111
4054,276.638888888889
4055,305.527777777778
4056,323.666666666667
4057,304.083333333333
4058,304.555555555556
4059,269.333333333333
4060,301.111111111111
4061,190.611111111111
4062,247.194444444444
4063,349.25
4064,291.305555555556
4065,301.416666666667
4066,354.722222222222
4067,297.083333333333
4068,328.027777777778
4069,280.361111111111
4070,300.833333333333
4071,344.222222222222
4072,290.805555555556
4073,329.527777777778
4074,320.277777777778
4075,377.194444444444
4076,221.277777777778
4077,300.888888888889
4078,314.5
4079,309.055555555556
4080,262.305555555556
4081,313.805555555556
4082,307.527777777778
4083,282.333333333333
4084,341.805555555556
4085,345.305555555556
4086,259.722222222222
4087,280.722222222222
4088,323.111111111111
4089,395.305555555556
4090,335.5
4091,320.666666666667
4092,268.75
4093,259.527777777778
4094,293.083333333333
4095,280.333333333333
4096,244.888888888889
4097,330.833333333333
4098,273.222222222222
4099,260.833333333333
4100,371.166666666667
4101,295.333333333333
4102,254.222222222222
4103,263.361111111111
4104,319.25
4105,272.111111111111
4106,300.194444444444
4107,254.527777777778
4108,311.166666666667
4109,260.361111111111
4110,295.722222222222
4111,314.694444444444
4112,237.222222222222
4113,294.222222222222
4114,382.083333333333
4115,352.583333333333
4116,359.138888888889
4117,327.361111111111
4118,344.027777777778
4119,262.138888888889
4120,244.027777777778
4121,308.055555555556
4122,256.833333333333
4123,311.805555555556
4124,289.833333333333
4125,266.5
4126,310.25
4127,363.361111111111
4128,302.888888888889
4129,302.888888888889
4130,339.916666666667
4131,335.916666666667
4132,226.444444444444
4133,261.194444444444
4134,279.638888888889
4135,296.583333333333
4136,322.583333333333
4137,249.555555555556
4138,318.083333333333
4139,318.638888888889
4140,270.277777777778
4141,278.083333333333
4142,261.277777777778
4143,308.25
4144,258.611111111111
4145,264
4146,368.555555555556
4147,250.611111111111
4148,323.555555555556
4149,282.166666666667
4150,302.833333333333
4151,296
4152,345
4153,391.527777777778
4154,330.111111111111
4155,281.611111111111
4156,294.75
4157,322.361111111111
4158,302.138888888889
4159,229.472222222222
4160,310.638888888889
4161,309.027777777778
4162,300.666666666667
4163,297.388888888889
4164,325.75
4165,323.833333333333
4166,303.138888888889
4167,331.472222222222
4168,244.055555555556
4169,284.777777777778
4170,384.166666666667
4171,315.222222222222
4172,349.777777777778
4173,315.25
4174,306.5
4175,243.361111111111
4176,299.972222222222
4177,290.194444444444
4178,366.083333333333
4179,328.611111111111
4180,338.416666666667
4181,320.805555555556
4182,322.611111111111
4183,248.333333333333
4184,312.111111111111
4185,338.944444444444
4186,267.527777777778
4187,325.555555555556
4188,293.527777777778
4189,274.027777777778
4190,259.027777777778
4191,289.25
4192,341.416666666667
4193,274.027777777778
4194,278.083333333333
4195,377.388888888889
4196,300.722222222222
4197,320.527777777778
4198,337.833333333333
4199,283.166666666667
4200,279.611111111111
4201,329.805555555556
4202,302.944444444444
4203,286.638888888889
4204,326.277777777778
4205,268.138888888889
4206,270.25
4207,296.388888888889
4208,308.944444444444
4209,323.972222222222
4210,299.833333333333
4211,244.166666666667
4212,315.944444444444
4213,319.666666666667
4214,360.944444444444
4215,324.166666666667
4216,313.666666666667
4217,324.277777777778
4218,285.333333333333
4219,329.972222222222
4220,281.944444444444
4221,363.194444444444
4222,309.138888888889
4223,294.694444444444
4224,345.472222222222
4225,297.833333333333
4226,264.222222222222
4227,297.5
4228,309.972222222222
4229,324.416666666667
4230,293.027777777778
4231,347.305555555556
4232,296.166666666667
4233,364.888888888889
4234,353.5
4235,283.444444444444
4236,280.333333333333
4237,312.916666666667
4238,293.527777777778
4239,267.861111111111
4240,330.111111111111
4241,299.25
4242,254.222222222222
4243,271.75
4244,293.027777777778
4245,315.916666666667
4246,347.777777777778
4247,314.277777777778
4248,270.416666666667
4249,372.472222222222
4250,273.833333333333
4251,263.027777777778
4252,285.638888888889
4253,353.222222222222
4254,362.861111111111
4255,242.777777777778
4256,313.388888888889
4257,281.055555555556
4258,298.583333333333
4259,242.444444444444
4260,316
4261,396.611111111111
4262,284.444444444444
4263,355.555555555556
4264,363.805555555556
4265,281.361111111111
4266,242.694444444444
4267,298.055555555556
4268,332.5
4269,293.805555555556
4270,340.138888888889
4271,320.194444444444
4272,311.111111111111
4273,336.611111111111
4274,319.361111111111
4275,264.166666666667
4276,358.638888888889
4277,318.638888888889
4278,330.805555555556
4279,320.166666666667
4280,354.722222222222
4281,285.5
4282,298.111111111111
4283,322.027777777778
4284,323.027777777778
4285,349.694444444444
4286,327.388888888889
4287,214.222222222222
4288,321.527777777778
4289,355.388888888889
4290,353.555555555556
4291,342.277777777778
4292,323
4293,293
4294,305.361111111111
4295,354.583333333333
4296,396.194444444444
4297,305.388888888889
4298,207.916666666667
4299,331.305555555556
4300,338.861111111111
4301,325.916666666667
4302,289.277777777778
4303,361.25
4304,290.027777777778
4305,311.944444444444
4306,264.305555555556
4307,349.833333333333
4308,278.916666666667
4309,281.666666666667
4310,303.972222222222
4311,311.972222222222
4312,311.972222222222
4313,322.638888888889
4314,298.888888888889
4315,275.527777777778
4316,359.333333333333
4317,383.305555555556
4318,275.416666666667
4319,252.277777777778
4320,308.305555555556
4321,325.472222222222
4322,221.277777777778
4323,310.861111111111
4324,352.722222222222
4325,400.833333333333
4326,328.972222222222
4327,214.138888888889
4328,275.777777777778
4329,306.888888888889
4330,268.527777777778
4331,270.75
4332,304.722222222222
4333,342.583333333333
4334,266.972222222222
4335,265.25
4336,363.75
4337,340.277777777778
4338,326.444444444444
4339,302.083333333333
4340,332.277777777778
4341,299.305555555556
4342,274.916666666667
4343,335.638888888889
4344,320.75
4345,266.083333333333
4346,353.25
4347,366.944444444444
4348,316
4349,259.111111111111
4350,325.25
4351,315.194444444444
4352,289.388888888889
4353,354.916666666667
4354,254.333333333333
4355,335.055555555556
4356,305.5
4357,290.527777777778
4358,381.666666666667
4359,322.972222222222
4360,337
4361,328.805555555556
4362,342.527777777778
4363,312.805555555556
4364,242.083333333333
4365,330.666666666667
4366,375.416666666667
4367,269.861111111111
4368,319.944444444444
4369,324.888888888889
4370,304.444444444444
4371,302.194444444444
4372,273.083333333333
4373,301.333333333333
4374,298.777777777778
4375,349.722222222222
4376,276.138888888889
4377,276.694444444444
4378,338.611111111111
4379,284.055555555556
4380,374.833333333333
4381,288.166666666667
4382,286.027777777778
4383,313.638888888889
4384,306.444444444444
4385,294.944444444444
4386,317
4387,281.333333333333
4388,213.972222222222
4389,229.333333333333
4390,290.138888888889
4391,409.75
4392,331.138888888889
4393,333.361111111111
4394,249.916666666667
4395,279.888888888889
4396,279.138888888889
4397,278.666666666667
4398,298.638888888889
4399,274.111111111111
4400,332.444444444444
4401,339.055555555556
4402,366.583333333333
4403,210.527777777778
4404,344.5
4405,250.833333333333
4406,262.083333333333
4407,267.888888888889
4408,222.75
4409,280.916666666667
4410,265.083333333333
4411,253.055555555556
4412,322.527777777778
4413,292.333333333333
4414,261.5
4415,308.5
4416,320.472222222222
4417,294.25
4418,250.666666666667
4419,283.805555555556
4420,317.916666666667
4421,312.861111111111
4422,296.555555555556
4423,264.527777777778
4424,286.555555555556
4425,329.194444444444
4426,307.361111111111
4427,242.333333333333
4428,319.361111111111
4429,306.083333333333
4430,317.722222222222
4431,310.388888888889
4432,263.388888888889
4433,266.833333333333
4434,292.111111111111
4435,364.277777777778
4436,308.361111111111
4437,268.722222222222
4438,330.888888888889
4439,292.972222222222
4440,291.888888888889
4441,274.805555555556
4442,273.5
4443,253.75
4444,383.055555555556
4445,292.194444444444
4446,360.638888888889
4447,263.972222222222
4448,273.444444444444
4449,314.555555555556
4450,321.611111111111
4451,304.638888888889
4452,278.694444444444
4453,336.944444444444
4454,342.944444444444
4455,334.222222222222
4456,361.944444444444
4457,300.416666666667
4458,225.194444444444
4459,284.527777777778
4460,407.222222222222
4461,274.777777777778
4462,287.944444444444
4463,277.611111111111
4464,266.388888888889
4465,334.444444444444
4466,310.583333333333
4467,289.361111111111
4468,313.25
4469,259.916666666667
4470,347.916666666667
4471,324.277777777778
4472,359.5
4473,254
4474,279.5
4475,330.555555555556
4476,332.666666666667
4477,252.75
4478,302.611111111111
4479,347.194444444444
4480,364.5
4481,328.944444444444
4482,356.861111111111
4483,267.305555555556
4484,279.333333333333
4485,288.833333333333
4486,328.138888888889
4487,349.5
4488,293.944444444444
4489,315.666666666667
4490,423.666666666667
4491,338.055555555556
4492,274.611111111111
4493,367.944444444444
4494,253.777777777778
4495,254.055555555556
4496,396.222222222222
4497,305.861111111111
4498,257.277777777778
4499,302.388888888889
4500,263.416666666667
4501,310.611111111111
4502,256.027777777778
4503,287.25
4504,257.055555555556
4505,371.777777777778
4506,326.166666666667
4507,352.333333333333
4508,312.444444444444
4509,292.416666666667
4510,347.138888888889
4511,333.388888888889
4512,230.888888888889
4513,331.694444444444
4514,262.305555555556
4515,287.25
4516,342.444444444444
4517,254.611111111111
4518,334.75
4519,319.472222222222
4520,277.694444444444
4521,281.416666666667
4522,301.944444444444
4523,319
4524,322.194444444444
4525,232.833333333333
4526,341.111111111111
4527,321.027777777778
4528,327.083333333333
4529,285.444444444444
4530,296.694444444444
4531,278.111111111111
4532,308.083333333333
4533,386.694444444444
4534,326.222222222222
4535,332.722222222222
4536,339.777777777778
4537,321.944444444444
4538,343.888888888889
4539,296.416666666667
4540,295.777777777778
4541,275.388888888889
4542,264.277777777778
4543,372.638888888889
4544,309.222222222222
4545,343.416666666667
4546,270.027777777778
4547,351.805555555556
4548,305.138888888889
4549,253.055555555556
4550,280
4551,236.361111111111
4552,281.611111111111
4553,284.166666666667
4554,219.444444444444
4555,260.027777777778
4556,298.527777777778
4557,279.055555555556
4558,337.027777777778
4559,277.944444444444
4560,329.75
4561,207.027777777778
4562,252.361111111111
4563,297.5
4564,321.527777777778
4565,225.583333333333
4566,332.888888888889
4567,265.694444444444
4568,286.666666666667
4569,328.416666666667
4570,345.444444444444
4571,307.527777777778
4572,252.861111111111
4573,372.444444444444
4574,316.027777777778
4575,356.361111111111
4576,254.305555555556
4577,297.222222222222
4578,286.083333333333
4579,301.305555555556
4580,341.111111111111
4581,366.25
4582,321.416666666667
4583,302.527777777778
4584,297.222222222222
4585,311.888888888889
4586,350.805555555556
4587,279.555555555556
4588,349.222222222222
4589,245.777777777778
4590,308.5
4591,339.805555555556
4592,338.194444444444
4593,286.583333333333
4594,320.277777777778
4595,341.472222222222
4596,253.944444444444
4597,286.305555555556
4598,279.5
4599,257.75
4600,270.444444444444
4601,269.083333333333
4602,275.861111111111
4603,298.388888888889
4604,250.972222222222
4605,269.833333333333
4606,258.944444444444
4607,344.611111111111
4608,266.861111111111
4609,305.25
4610,369.944444444444
4611,309.527777777778
4612,326.055555555556
4613,288.861111111111
4614,292.333333333333
4615,278.416666666667
4616,350.361111111111
4617,361.583333333333
4618,303.972222222222
4619,229
4620,303.388888888889
4621,377.111111111111
4622,300.666666666667
4623,291.444444444444
4624,363.805555555556
4625,306.333333333333
4626,269.888888888889
4627,332.194444444444
4628,301.805555555556
4629,295.916666666667
4630,310.833333333333
4631,291.138888888889
4632,276.666666666667
4633,295.416666666667
4634,311.777777777778
4635,324.083333333333
4636,291.722222222222
4637,247.916666666667
4638,275.027777777778
4639,277
4640,243.472222222222
4641,301.111111111111
4642,263.805555555556
4643,305.638888888889
4644,293.638888888889
4645,336.833333333333
4646,284.166666666667
4647,295.583333333333
4648,353.694444444444
4649,261.055555555556
4650,243.861111111111
4651,340.166666666667
4652,373
4653,333.75
4654,335.138888888889
4655,325.194444444444
4656,285.277777777778
4657,323.972222222222
4658,278.222222222222
4659,267.805555555556
4660,277.666666666667
4661,230.555555555556
4662,307.777777777778
4663,299.527777777778
4664,281.972222222222
4665,268.916666666667
4666,263.027777777778
4667,338.027777777778
4668,308.388888888889
4669,247.944444444444
4670,324.833333333333
4671,284.666666666667
4672,375.222222222222
4673,259.25
4674,312.666666666667
4675,327.527777777778
4676,316.638888888889
4677,310.722222222222
4678,265.055555555556
4679,298.972222222222
4680,273.972222222222
4681,241.861111111111
4682,239.805555555556
4683,303.388888888889
4684,322.833333333333
4685,302.916666666667
4686,276.611111111111
4687,297.583333333333
4688,307.305555555556
4689,347.611111111111
4690,347.472222222222
4691,270.194444444444
4692,284
4693,239.305555555556
4694,298.111111111111
4695,316.222222222222
4696,296.888888888889
4697,255.222222222222
4698,269.138888888889
4699,294.222222222222
4700,381.305555555556
4701,338.666666666667
4702,331.194444444444
4703,358.361111111111
4704,382.75
4705,364.527777777778
4706,307.75
4707,332.305555555556
4708,294.5
4709,246.944444444444
4710,350.027777777778
4711,307.861111111111
4712,312.388888888889
4713,294.944444444444
4714,307.305555555556
4715,261.027777777778
4716,342.444444444444
4717,284
4718,314.277777777778
4719,324.388888888889
4720,299.722222222222
4721,323.666666666667
4722,345.111111111111
4723,283.972222222222
4724,305.777777777778
4725,335.166666666667
4726,330
4727,293.861111111111
4728,321.027777777778
4729,311.777777777778
4730,285.361111111111
4731,328.194444444444
4732,303.361111111111
4733,369.305555555556
4734,315.416666666667
4735,296
4736,234.972222222222
4737,271.638888888889
4738,350.194444444444
4739,333.055555555556
4740,333
4741,353.444444444444
4742,321.194444444444
4743,285.055555555556
4744,355.472222222222
4745,252.694444444444
4746,233.833333333333
4747,274.805555555556
4748,318.111111111111
4749,282.25
4750,286.666666666667
4751,320.277777777778
4752,323.305555555556
4753,282.611111111111
4754,267.361111111111
4755,311.25
4756,359.055555555556
4757,214.861111111111
4758,329.416666666667
4759,368.75
4760,313.722222222222
4761,264.444444444444
4762,350.027777777778
4763,293.027777777778
4764,322.944444444444
4765,354.055555555556
4766,254.5
4767,310.555555555556
4768,378.5
4769,317.138888888889
4770,260.472222222222
4771,241.5
4772,359.138888888889
4773,304.472222222222
4774,327.694444444444
4775,325.027777777778
4776,304.166666666667
4777,272.666666666667
4778,251.166666666667
4779,339.555555555556
4780,265.944444444444
4781,242.277777777778
4782,314.611111111111
4783,223.166666666667
4784,329.166666666667
4785,304.138888888889
4786,230.333333333333
4787,267.888888888889
4788,256.666666666667
4789,272.888888888889
4790,332.444444444444
4791,367.416666666667
4792,259.666666666667
4793,325.777777777778
4794,308.138888888889
4795,252.222222222222
4796,255.083333333333
4797,331.472222222222
4798,268.277777777778
4799,306.972222222222
4800,284.805555555556
4801,346.888888888889
4802,248.5
4803,298.611111111111
4804,277.722222222222
4805,337.722222222222
4806,300.527777777778
4807,388.638888888889
4808,314.861111111111
4809,303.5
4810,321.638888888889
4811,235.222222222222
4812,284.222222222222
4813,307.722222222222
4814,385.027777777778
4815,264.75
4816,281.611111111111
4817,320.083333333333
4818,282.027777777778
4819,316.166666666667
4820,379.027777777778
4821,280.611111111111
4822,246.222222222222
4823,317.333333333333
4824,306.694444444444
4825,372
4826,295.916666666667
4827,316.527777777778
4828,306.972222222222
4829,335.833333333333
4830,355.055555555556
4831,225.555555555556
4832,265.694444444444
4833,330.277777777778
4834,333.944444444444
4835,301.166666666667
4836,307.555555555556
4837,275.444444444444
4838,292.888888888889
4839,321.194444444444
4840,243.444444444444
4841,267.361111111111
4842,344.888888888889
4843,336.888888888889
4844,331
4845,211.527777777778
4846,269.083333333333
4847,250.277777777778
4848,341.638888888889
4849,285.638888888889
4850,253.972222222222
4851,309.75
4852,268.833333333333
4853,284.666666666667
4854,290.527777777778
4855,286.583333333333
4856,349.583333333333
4857,368.972222222222
4858,351.833333333333
4859,300.861111111111
4860,351.694444444444
4861,276.694444444444
4862,310.222222222222
4863,348.861111111111
4864,330.777777777778
4865,287.333333333333
4866,310.527777777778
4867,310.083333333333
4868,300.083333333333
4869,299.583333333333
4870,317.25
4871,334.944444444444
4872,293.416666666667
4873,325.888888888889
4874,373.944444444444
4875,359.888888888889
4876,257.333333333333
4877,252.083333333333
4878,331.361111111111
4879,252.75
4880,343.472222222222
4881,331.666666666667
4882,320.138888888889
4883,363.222222222222
4884,253.527777777778
4885,317.666666666667
4886,307.75
4887,255.527777777778
4888,248.138888888889
4889,263.472222222222
4890,341.916666666667
4891,302.833333333333
4892,302.416666666667
4893,275.111111111111
4894,220.305555555556
4895,319.527777777778
4896,308.166666666667
4897,232.833333333333
4898,352.75
4899,308.027777777778
4900,245.75
4901,353.111111111111
4902,313.944444444444
4903,315
4904,247.25
4905,210.722222222222
4906,311.777777777778
4907,322.027777777778
4908,363.5
4909,227.5
4910,358.472222222222
4911,329.666666666667
4912,386.083333333333
4913,335.333333333333
4914,340.611111111111
4915,280.361111111111
4916,361.5
4917,300.222222222222
4918,371.888888888889
4919,307.333333333333
4920,332.5
4921,332.888888888889
4922,306.666666666667
4923,292.805555555556
4924,329.222222222222
4925,337.694444444444
4926,327.138888888889
4927,250.25
4928,262.416666666667
4929,272.055555555556
4930,277.972222222222
4931,235.388888888889
4932,279.444444444444
4933,232.472222222222
4934,316.055555555556
4935,276.305555555556
4936,252
4937,308.416666666667
4938,331.305555555556
4939,252.194444444444
4940,349.222222222222
4941,262.361111111111
4942,374.833333333333
4943,289.222222222222
4944,242.361111111111
4945,317.833333333333
4946,361
4947,256.527777777778
4948,408
4949,298.055555555556
4950,264.333333333333
4951,351.25
4952,344.333333333333
4953,307.75
4954,312.277777777778
4955,284.666666666667
4956,270.527777777778
4957,381.111111111111
4958,365.361111111111
4959,321.638888888889
4960,233
4961,231.194444444444
4962,272.083333333333
4963,351.527777777778
4964,248.583333333333
4965,318.027777777778
4966,333.805555555556
4967,306.305555555556
4968,310.361111111111
4969,374
4970,288.055555555556
4971,327.583333333333
4972,342.472222222222
4973,319.75
4974,351.305555555556
4975,365.916666666667
4976,283.472222222222
4977,317.444444444444
4978,224.666666666667
4979,320.638888888889
4980,321.527777777778
4981,339.888888888889
4982,348.416666666667
4983,338.25
4984,344.25
4985,330.333333333333
4986,280.111111111111
4987,274.722222222222
4988,315.777777777778
4989,329.555555555556
4990,346.638888888889
4991,302.527777777778
4992,257.194444444444
4993,375.027777777778
4994,270.888888888889
4995,277.444444444444
4996,302.694444444444
4997,278.333333333333
4998,274.333333333333
4999,287.194444444444
5000,290.583333333333
5001,279.833333333333
5002,351.027777777778
5003,288.138888888889
5004,383.527777777778
5005,351.916666666667
5006,289.527777777778
5007,311.888888888889
5008,231.916666666667
5009,315.694444444444
5010,315.972222222222
5011,311.472222222222
5012,251.361111111111
5013,208.694444444444
5014,390.527777777778
5015,255.444444444444
5016,308.666666666667
5017,222.027777777778
5018,329.166666666667
5019,407.833333333333
5020,334.694444444444
5021,263.027777777778
5022,304
5023,357.888888888889
5024,331.333333333333
5025,383.722222222222
5026,299.333333333333
5027,352.027777777778
5028,267.555555555556
5029,296.694444444444
5030,289.527777777778
5031,230.666666666667
5032,303.638888888889
5033,342.527777777778
5034,371.833333333333
5035,335.388888888889
5036,280
5037,309.805555555556
5038,311.777777777778
5039,320.444444444444
5040,248.555555555556
5041,320.138888888889
5042,289.805555555556
5043,236.111111111111
5044,277.194444444444
5045,301.361111111111
5046,390.777777777778
5047,347.5
5048,349.111111111111
5049,245.555555555556
5050,258.833333333333
5051,265.222222222222
5052,279.083333333333
5053,280.472222222222
5054,258.611111111111
5055,340.555555555556
5056,276.138888888889
5057,363.861111111111
5058,342.805555555556
5059,259.138888888889
5060,280.222222222222
5061,302.944444444444
5062,275.222222222222
5063,359.583333333333
5064,277.888888888889
5065,319.611111111111
5066,315.888888888889
5067,312.111111111111
5068,332.25
5069,348.027777777778
5070,298.027777777778
5071,235.305555555556
5072,285.027777777778
5073,356.916666666667
5074,266.083333333333
5075,351.388888888889
5076,311.083333333333
5077,324.944444444444
5078,345.972222222222
5079,289.972222222222
5080,280.25
5081,312.916666666667
5082,256.75
5083,225.666666666667
5084,397.055555555556
5085,203.388888888889
5086,328.583333333333
5087,293.416666666667
5088,322.333333333333
5089,259.555555555556
5090,266.055555555556
5091,280.222222222222
5092,276.75
5093,337.388888888889
5094,313.25
5095,277.111111111111
5096,335.277777777778
5097,279.194444444444
5098,302.583333333333
5099,327.5
5100,268.333333333333
5101,284.916666666667
5102,320.027777777778
5103,312.861111111111
5104,279.527777777778
5105,288.305555555556
5106,283.916666666667
5107,260.388888888889
5108,250.194444444444
5109,325.027777777778
5110,309.611111111111
5111,290.805555555556
5112,200.361111111111
5113,288.277777777778
5114,278
5115,304.861111111111
5116,290.194444444444
5117,293.611111111111
5118,274.166666666667
5119,320.388888888889
5120,291.638888888889
5121,306.972222222222
5122,405.944444444444
5123,385.111111111111
5124,323.611111111111
5125,303.666666666667
5126,274.555555555556
5127,311.638888888889
5128,277.222222222222
5129,277.027777777778
5130,292.722222222222
5131,346.444444444444
5132,312.472222222222
5133,312
5134,289.361111111111
5135,364.138888888889
5136,376.333333333333
5137,334.416666666667
5138,295.916666666667
5139,270.555555555556
5140,378.777777777778
5141,287.805555555556
5142,231.583333333333
5143,310.944444444444
5144,358.972222222222
5145,330.111111111111
5146,277.805555555556
5147,342.638888888889
5148,296.527777777778
5149,212.555555555556
5150,279.277777777778
5151,323.277777777778
5152,305.416666666667
5153,247.416666666667
5154,273.333333333333
5155,309.138888888889
5156,272.472222222222
5157,323.555555555556
5158,323.694444444444
5159,196.25
5160,312.861111111111
5161,329.472222222222
5162,310.472222222222
5163,321.388888888889
5164,239.722222222222
5165,340.75
5166,269.138888888889
5167,364.833333333333
5168,270.111111111111
5169,282.388888888889
5170,276.555555555556
5171,308.583333333333
5172,307.083333333333
5173,279.111111111111
5174,296.222222222222
5175,309.583333333333
5176,256.472222222222
5177,250.777777777778
5178,291.111111111111
5179,296.555555555556
5180,298.777777777778
5181,345.75
5182,312.166666666667
5183,310.416666666667
5184,310.694444444444
5185,301.194444444444
5186,222.777777777778
5187,339.166666666667
5188,325.472222222222
5189,291.222222222222
5190,304.805555555556
5191,248.861111111111
5192,315.388888888889
5193,325.805555555556
5194,315.333333333333
5195,340
5196,379.222222222222
5197,319.333333333333
5198,290.888888888889
5199,338.472222222222
5200,306.611111111111
5201,328.916666666667
5202,344.527777777778
5203,240.222222222222
5204,270.027777777778
5205,306.805555555556
5206,313.388888888889
5207,304.75
5208,362.138888888889
5209,322.527777777778
5210,319.75
5211,270.083333333333
5212,352.194444444444
5213,281.583333333333
5214,250.944444444444
5215,309.277777777778
5216,266.75
5217,311.361111111111
5218,326.5
5219,324.527777777778
5220,278.611111111111
5221,264.055555555556
5222,355.861111111111
5223,316.111111111111
5224,317.111111111111
5225,280.444444444444
5226,293.111111111111
5227,249.527777777778
5228,351.583333333333
5229,297.611111111111
5230,286.527777777778
5231,324.777777777778
5232,308.5
5233,311.027777777778
5234,210.138888888889
5235,266.083333333333
5236,334.861111111111
5237,348.25
5238,321.944444444444
5239,310.305555555556
5240,316.361111111111
5241,345.694444444444
5242,249.972222222222
5243,264.944444444444
5244,313.388888888889
5245,252.638888888889
5246,321.944444444444
5247,269.916666666667
5248,329.555555555556
5249,252.638888888889
5250,333.972222222222
5251,361.722222222222
5252,276.638888888889
5253,362.944444444444
5254,308.694444444444
5255,250.361111111111
5256,254.444444444444
5257,283.861111111111
5258,321.916666666667
5259,312.888888888889
5260,314.277777777778
5261,337.805555555556
5262,264.444444444444
5263,290.944444444444
5264,348.5
5265,369.944444444444
5266,331.861111111111
5267,326.166666666667
5268,234.361111111111
5269,348.166666666667
5270,331.472222222222
5271,324.444444444444
5272,373.361111111111
5273,336.75
5274,289.277777777778
5275,367.25
5276,324.388888888889
5277,291.111111111111
5278,388.055555555556
5279,343.416666666667
5280,303.055555555556
5281,264.222222222222
5282,299.777777777778
5283,300.833333333333
5284,339.666666666667
5285,305.055555555556
5286,273.555555555556
5287,292.611111111111
5288,340.555555555556
5289,321.916666666667
5290,255.833333333333
5291,317.805555555556
5292,264.638888888889
5293,252.472222222222
5294,330.694444444444
5295,244.583333333333
5296,300.638888888889
5297,248.527777777778
5298,232.25
5299,267.222222222222
5300,292.694444444444
5301,232.638888888889
5302,360.666666666667
5303,307.444444444444
5304,241.805555555556
5305,279.833333333333
5306,388.472222222222
5307,252.722222222222
5308,316.138888888889
5309,299.111111111111
5310,276.222222222222
5311,267.472222222222
5312,284.25
5313,303.305555555556
5314,235.527777777778
5315,283.694444444444
5316,328.472222222222
5317,326.305555555556
5318,220.888888888889
5319,339
5320,267.277777777778
5321,271.916666666667
5322,392.972222222222
5323,280.805555555556
5324,319.805555555556
5325,271.75
5326,302.388888888889
5327,333.861111111111
5328,334.305555555556
5329,300.638888888889
5330,377.916666666667
5331,327.527777777778
5332,251.555555555556
5333,353.388888888889
5334,266.777777777778
5335,246.138888888889
5336,320.361111111111
5337,329.055555555556
5338,283.722222222222
5339,313.083333333333
5340,322.944444444444
5341,296.555555555556
5342,264.583333333333
5343,270.361111111111
5344,311.972222222222
5345,288.944444444444
5346,323.111111111111
5347,266.944444444444
5348,318.611111111111
5349,272.611111111111
5350,215.083333333333
5351,242.333333333333
5352,276.805555555556
5353,240.25
5354,350.638888888889
5355,243.777777777778
5356,387.027777777778
5357,330.888888888889
5358,268.694444444444
5359,281.888888888889
5360,319.416666666667
5361,270.972222222222
5362,301.777777777778
5363,257.138888888889
5364,269.194444444444
5365,268.833333333333
5366,340.444444444444
5367,352.166666666667
5368,295.5
5369,277.888888888889
5370,272.833333333333
5371,381.305555555556
5372,295.361111111111
5373,291.305555555556
5374,290.25
5375,330.527777777778
5376,305.416666666667
5377,285.388888888889
5378,288.527777777778
5379,274.083333333333
5380,273
5381,327.472222222222
5382,305.055555555556
5383,291.666666666667
5384,252.444444444444
5385,255.694444444444
5386,351.722222222222
5387,307.722222222222
5388,356.222222222222
5389,328.5
5390,277.194444444444
5391,312.25
5392,313.888888888889
5393,301.472222222222
5394,288.805555555556
5395,292.777777777778
5396,230.611111111111
5397,288
5398,282.027777777778
5399,310.916666666667
5400,302.388888888889
5401,287.25
5402,308.333333333333
5403,312.305555555556
5404,262.194444444444
5405,346.277777777778
5406,317.333333333333
5407,265.166666666667
5408,281.638888888889
5409,351.944444444444
5410,392.972222222222
5411,345.416666666667
5412,341.583333333333
5413,271.777777777778
5414,346.944444444444
5415,343.111111111111
5416,302.666666666667
5417,280.277777777778
5418,288.388888888889
5419,335.722222222222
5420,342.277777777778
5421,262.194444444444
5422,333.333333333333
5423,295.583333333333
5424,298.333333333333
5425,271.555555555556
5426,209.194444444444
5427,293.416666666667
5428,281.111111111111
5429,306.5
5430,267
5431,343.138888888889
5432,360.805555555556
5433,289.722222222222
5434,308.416666666667
5435,285.472222222222
5436,304.388888888889
5437,304.166666666667
5438,320.944444444444
5439,265.055555555556
5440,318.916666666667
5441,284.472222222222
5442,290.083333333333
5443,334.805555555556
5444,344.361111111111
5445,317.777777777778
5446,323.805555555556
5447,340.805555555556
5448,230.944444444444
5449,308.611111111111
5450,278.638888888889
5451,338.194444444444
5452,349.277777777778
5453,254.861111111111
5454,325.027777777778
5455,323.861111111111
5456,266.138888888889
5457,267.861111111111
5458,268.805555555556
5459,299.111111111111
5460,291.805555555556
5461,340.5
5462,283.333333333333
5463,174.694444444444
5464,285.75
5465,312.111111111111
5466,224.333333333333
5467,304.416666666667
5468,312.944444444444
5469,237.888888888889
5470,260.722222222222
5471,281.166666666667
5472,287.222222222222
5473,322.027777777778
5474,260.583333333333
5475,291.194444444444
5476,285.805555555556
5477,307.583333333333
5478,274.5
5479,269.944444444444
5480,295.388888888889
5481,333.611111111111
5482,270.805555555556
5483,346.305555555556
5484,298.388888888889
5485,180.055555555556
5486,304.666666666667
5487,364.666666666667
5488,325.5
5489,246.722222222222
5490,364.583333333333
5491,310.444444444444
5492,214.75
5493,387.666666666667
5494,364.472222222222
5495,296.444444444444
5496,409.305555555556
5497,289
5498,280.722222222222
5499,298.166666666667
5500,368.722222222222
5501,249.027777777778
5502,277.833333333333
5503,248.861111111111
5504,312.805555555556
5505,311.666666666667
5506,267.166666666667
5507,295.555555555556
5508,224.388888888889
5509,242.416666666667
5510,312.416666666667
5511,257.555555555556
5512,338.111111111111
5513,259.138888888889
5514,270.25
5515,338.027777777778
5516,320.388888888889
5517,313.833333333333
5518,389.75
5519,314.444444444444
5520,340.722222222222
5521,269.361111111111
5522,260.361111111111
5523,284.25
5524,336.055555555556
5525,267.75
5526,355.444444444444
5527,400.138888888889
5528,229.861111111111
5529,317.416666666667
5530,396.75
5531,291.888888888889
5532,307.472222222222
5533,326.111111111111
5534,337.888888888889
5535,325.555555555556
5536,287.833333333333
5537,311.25
5538,316.083333333333
5539,275.333333333333
5540,313.222222222222
5541,285.25
5542,311.277777777778
5543,284.555555555556
5544,297.083333333333
5545,218.361111111111
5546,322.555555555556
5547,312.111111111111
5548,244.611111111111
5549,344.472222222222
5550,326
5551,335.944444444444
5552,231.722222222222
5553,255.666666666667
5554,283.111111111111
5555,313.444444444444
5556,330.5
5557,288.138888888889
5558,302.472222222222
5559,324.055555555556
5560,246.5
5561,251.527777777778
5562,297.861111111111
5563,314.194444444444
5564,244.361111111111
5565,241
5566,219.666666666667
5567,311.666666666667
5568,277.833333333333
5569,312.083333333333
5570,341.111111111111
5571,324.611111111111
5572,348.527777777778
5573,266.333333333333
5574,333.916666666667
5575,294.666666666667
5576,352.777777777778
5577,339.555555555556
5578,364.055555555556
5579,352.888888888889
5580,344.611111111111
5581,315.25
5582,311.361111111111
5583,327.805555555556
5584,312.055555555556
5585,358.777777777778
5586,266.027777777778
5587,328.333333333333
5588,259.583333333333
5589,291.138888888889
5590,346.833333333333
5591,310.694444444444
5592,267.277777777778
5593,305.916666666667
5594,284.888888888889
5595,263
5596,298
5597,249.194444444444
5598,308.861111111111
5599,268.194444444444
5600,279.555555555556
5601,262.111111111111
5602,342.666666666667
5603,327.555555555556
5604,270.361111111111
5605,270.916666666667
5606,298.805555555556
5607,294.583333333333
5608,298.583333333333
5609,285.166666666667
5610,326.166666666667
5611,242.388888888889
5612,249.888888888889
5613,316.666666666667
5614,358.555555555556
5615,275.555555555556
5616,269.805555555556
5617,320.277777777778
5618,308.611111111111
5619,280.194444444444
5620,348.5
5621,272.361111111111
5622,290.916666666667
5623,304.472222222222
5624,314.166666666667
5625,343.805555555556
5626,273.555555555556
5627,336.194444444444
5628,276
5629,286.944444444444
5630,300.444444444444
5631,288.083333333333
5632,302.666666666667
5633,354.5
5634,282.25
5635,205.805555555556
5636,270.277777777778
5637,325.166666666667
5638,338.666666666667
5639,339.055555555556
5640,300.361111111111
5641,305.305555555556
5642,289.583333333333
5643,296.611111111111
5644,347.027777777778
5645,358.944444444444
5646,216.805555555556
5647,346.25
5648,341.472222222222
5649,346.888888888889
5650,247.666666666667
5651,343.583333333333
5652,256.166666666667
5653,314.111111111111
5654,280.722222222222
5655,257.472222222222
5656,352.027777777778
5657,252.055555555556
5658,327.25
5659,366.611111111111
5660,241.666666666667
5661,341.833333333333
5662,310.888888888889
5663,283.277777777778
5664,247.388888888889
5665,291.055555555556
5666,247.388888888889
5667,293.861111111111
5668,256.25
5669,273.166666666667
5670,293.638888888889
5671,236.555555555556
5672,269.472222222222
5673,252.305555555556
5674,335.75
5675,329.583333333333
5676,298.194444444444
5677,277.722222222222
5678,294.222222222222
5679,345.75
5680,297.944444444444
5681,293.611111111111
5682,272.194444444444
5683,310.694444444444
5684,277.472222222222
5685,320.694444444444
5686,323.861111111111
5687,276.222222222222
5688,364.388888888889
5689,350.805555555556
5690,376.25
5691,307.388888888889
5692,289.666666666667
5693,303.194444444444
5694,279.5
5695,339.388888888889
5696,289.666666666667
5697,256.833333333333
5698,269.055555555556
5699,331.888888888889
5700,232.888888888889
5701,267.555555555556
5702,274.388888888889
5703,269.388888888889
5704,387.805555555556
5705,283.916666666667
5706,281.611111111111
5707,276.777777777778
5708,297.611111111111
5709,357.138888888889
5710,377.916666666667
5711,301.416666666667
5712,331.361111111111
5713,345.611111111111
5714,321.777777777778
5715,300.055555555556
5716,261.388888888889
5717,296.611111111111
5718,252.027777777778
5719,282.722222222222
5720,301.805555555556
5721,236.166666666667
5722,280.166666666667
5723,262.805555555556
5724,321.25
5725,261.083333333333
5726,319.194444444444
5727,355.305555555556
5728,328.75
5729,375
5730,305.416666666667
5731,351.111111111111
5732,271.583333333333
5733,315.361111111111
5734,304.611111111111
5735,310.638888888889
5736,294.083333333333
5737,352.361111111111
5738,355.916666666667
5739,210.305555555556
5740,258.722222222222
5741,344.972222222222
5742,294.861111111111
5743,297
5744,282.833333333333
5745,337.361111111111
5746,222.361111111111
5747,205.611111111111
5748,347.138888888889
5749,337.666666666667
5750,277.583333333333
5751,288.722222222222
5752,325.944444444444
5753,328.583333333333
5754,347.944444444444
5755,283.333333333333
5756,221.944444444444
5757,277.555555555556
5758,290.277777777778
5759,312.5
5760,257.388888888889
5761,213.527777777778
5762,190.777777777778
5763,268.416666666667
5764,316.305555555556
5765,256.972222222222
5766,279.194444444444
5767,312.166666666667
5768,308.555555555556
5769,297.833333333333
5770,342.833333333333
5771,251.305555555556
5772,297.416666666667
5773,349.444444444444
5774,376.444444444444
5775,267.361111111111
5776,259.166666666667
5777,341
5778,308.388888888889
5779,288.444444444444
5780,289.611111111111
5781,315.833333333333
5782,260.944444444444
5783,348.527777777778
5784,355.888888888889
5785,323.472222222222
5786,237.916666666667
5787,342.25
5788,370.055555555556
5789,248.527777777778
5790,309.083333333333
5791,345.666666666667
5792,343.055555555556
5793,314.277777777778
5794,307.277777777778
5795,264.555555555556
5796,320.277777777778
5797,225.638888888889
5798,287
5799,317.333333333333
5800,254.25
5801,266.638888888889
5802,272.972222222222
5803,285.222222222222
5804,276.611111111111
5805,289.527777777778
5806,267.083333333333
5807,322.611111111111
5808,275.472222222222
5809,285.75
5810,233.5
5811,312.833333333333
5812,315.555555555556
5813,357.166666666667
5814,323.75
5815,351
5816,315.527777777778
5817,369.055555555556
5818,220.166666666667
5819,313.166666666667
5820,265.805555555556
5821,325.388888888889
5822,289.472222222222
5823,253.166666666667
5824,306.055555555556
5825,303.166666666667
5826,306.194444444444
5827,304.638888888889
5828,302.694444444444
5829,259.638888888889
5830,343.222222222222
5831,394.138888888889
5832,345.694444444444
5833,352.555555555556
5834,265.055555555556
5835,295
5836,295.527777777778
5837,326.944444444444
5838,281.25
5839,343.055555555556
5840,232.472222222222
5841,306.111111111111
5842,308.083333333333
5843,298.194444444444
5844,326.027777777778
5845,316.388888888889
5846,288.055555555556
5847,290.75
5848,337.277777777778
5849,263.138888888889
5850,304.666666666667
5851,297.888888888889
5852,355.277777777778
5853,341.388888888889
5854,353.055555555556
5855,209.555555555556
5856,313.638888888889
5857,264.083333333333
5858,224.638888888889
5859,241
5860,311.527777777778
5861,353.888888888889
5862,325.5
5863,328.166666666667
5864,307.166666666667
5865,302.527777777778
5866,343.222222222222
5867,313.805555555556
5868,354.361111111111
5869,321.916666666667
5870,287.222222222222
5871,265.638888888889
5872,323.611111111111
5873,311.25
5874,308.861111111111
5875,280.166666666667
5876,258.361111111111
5877,260.027777777778
5878,275.777777777778
5879,268.888888888889
5880,304.361111111111
5881,345.138888888889
5882,287.444444444444
5883,267.138888888889
5884,267.972222222222
5885,351.333333333333
5886,276.805555555556
5887,371.277777777778
5888,306.638888888889
5889,288.75
5890,276.638888888889
5891,239.611111111111
5892,399.861111111111
5893,239.222222222222
5894,285.444444444444
5895,340.027777777778
5896,317.638888888889
5897,265.444444444444
5898,300.638888888889
5899,353.555555555556
5900,294.583333333333
5901,341.361111111111
5902,315.944444444444
5903,379.277777777778
5904,308.888888888889
5905,305.388888888889
5906,339.472222222222
5907,377.833333333333
5908,302.361111111111
5909,277.083333333333
5910,285.416666666667
5911,288.638888888889
5912,313.694444444444
5913,339.027777777778
5914,290.666666666667
5915,299.972222222222
5916,236.722222222222
5917,195.638888888889
5918,323.833333333333
5919,288.222222222222
5920,230.388888888889
5921,238.111111111111
5922,269.055555555556
5923,278.222222222222
5924,301.666666666667
5925,347.611111111111
5926,315.777777777778
5927,354.027777777778
5928,305.694444444444
5929,334.861111111111
5930,342.027777777778
5931,343
5932,273.638888888889
5933,306.972222222222
5934,293
5935,261.555555555556
5936,290.861111111111
5937,334.277777777778
5938,209.861111111111
5939,330.666666666667
5940,314.777777777778
5941,281.388888888889
5942,264.305555555556
5943,328.5
5944,290.055555555556
5945,306.25
5946,267.75
5947,363.472222222222
5948,300.25
5949,293.972222222222
5950,279.027777777778
5951,229.555555555556
5952,332.694444444444
5953,223.138888888889
5954,356.805555555556
5955,296.805555555556
5956,271.694444444444
5957,324.583333333333
5958,287.944444444444
5959,326.916666666667
5960,322.611111111111
5961,297.305555555556
5962,342.805555555556
5963,282.305555555556
5964,209.888888888889
5965,352.416666666667
5966,268.666666666667
5967,329.194444444444
5968,250.638888888889
5969,282.888888888889
5970,299
5971,202.611111111111
5972,334.638888888889
5973,341.416666666667
5974,330.444444444444
5975,325.944444444444
5976,296.916666666667
5977,331.222222222222
5978,275.333333333333
5979,280.638888888889
5980,360.833333333333
5981,352.416666666667
5982,296
5983,339.361111111111
5984,264.138888888889
5985,324.666666666667
5986,283.111111111111
5987,304.944444444444
5988,225.861111111111
5989,318.888888888889
5990,361.444444444444
5991,323.361111111111
5992,310.305555555556
5993,334.333333333333
5994,393.333333333333
5995,342.638888888889
5996,289.138888888889
5997,213.416666666667
5998,346
5999,274.833333333333
6000,277.361111111111
6001,340.527777777778
6002,314.583333333333
6003,324.5
6004,291.472222222222
6005,272.277777777778
6006,308.861111111111
6007,344.805555555556
6008,319.305555555556
6009,222.694444444444
6010,367.555555555556
6011,262.305555555556
6012,345.833333333333
6013,234.916666666667
6014,324.083333333333
6015,278.527777777778
6016,378.75
6017,324.166666666667
6018,374.583333333333
6019,358.972222222222
6020,221.583333333333
6021,349.416666666667
6022,341.555555555556
6023,252.527777777778
6024,327.416666666667
6025,256.527777777778
6026,294.361111111111
6027,378.861111111111
6028,342.416666666667
6029,274.277777777778
6030,242.5
6031,337.805555555556
6032,295.722222222222
6033,291.388888888889
6034,241.555555555556
6035,316.75
6036,295.777777777778
6037,367.027777777778
6038,275.083333333333
6039,288.722222222222
6040,296.833333333333
6041,300.972222222222
6042,302.861111111111
6043,304.694444444444
6044,295.555555555556
6045,283.472222222222
6046,330.722222222222
6047,344.833333333333
6048,274.777777777778
6049,323.388888888889
6050,366.972222222222
6051,277.527777777778
6052,283.416666666667
6053,278.083333333333
6054,358.833333333333
6055,343.166666666667
6056,357.944444444444
6057,257.361111111111
6058,321.222222222222
6059,277.472222222222
6060,275.583333333333
6061,357.777777777778
6062,302.444444444444
6063,348.583333333333
6064,394.583333333333
6065,293.916666666667
6066,308.583333333333
6067,307.5
6068,343.361111111111
6069,288.194444444444
6070,248.194444444444
6071,368.861111111111
6072,288.277777777778
6073,310.25
6074,338.5
6075,291.25
6076,242.5
6077,319.527777777778
6078,324.888888888889
6079,291.194444444444
6080,345.055555555556
6081,344.055555555556
6082,356.888888888889
6083,281.611111111111
6084,368.583333333333
6085,348.722222222222
6086,309.972222222222
6087,347.833333333333
6088,315.722222222222
6089,311.194444444444
6090,272.666666666667
6091,361.527777777778
6092,264.638888888889
6093,344.138888888889
6094,365.888888888889
6095,304.194444444444
6096,334.194444444444
6097,342.777777777778
6098,261.805555555556
6099,339.25
6100,318.555555555556
6101,297.75
6102,269.472222222222
6103,258.388888888889
6104,334.472222222222
6105,284.583333333333
6106,258.444444444444
6107,329.25
6108,276.805555555556
6109,349.083333333333
6110,336.611111111111
6111,310
6112,382.333333333333
6113,313.333333333333
6114,355.611111111111
6115,302
6116,297.194444444444
6117,285.333333333333
6118,344.027777777778
6119,380.111111111111
6120,309.777777777778
6121,263.861111111111
6122,325.722222222222
6123,372.361111111111
6124,306.944444444444
6125,217.361111111111
6126,330.666666666667
6127,295.833333333333
6128,301.611111111111
6129,333.722222222222
6130,281.833333333333
6131,293.194444444444
6132,310.277777777778
6133,280.361111111111
6134,305.833333333333
6135,314.777777777778
6136,290.166666666667
6137,260.833333333333
6138,312.027777777778
6139,355.361111111111
6140,312.833333333333
6141,333
6142,330.361111111111
6143,252.666666666667
6144,211.416666666667
6145,293.638888888889
6146,245.055555555556
6147,332.916666666667
6148,375.25
6149,304.75
6150,330.861111111111
6151,295.416666666667
6152,282.027777777778
6153,319.888888888889
6154,307.472222222222
6155,281.888888888889
6156,382.388888888889
6157,252.333333333333
6158,263.666666666667
6159,327.416666666667
6160,270.777777777778
6161,367.305555555556
6162,255.138888888889
6163,283.611111111111
6164,242.305555555556
6165,373.333333333333
6166,295.472222222222
6167,400.944444444444
6168,343.222222222222
6169,273.277777777778
6170,337.083333333333
6171,409.138888888889
6172,291.888888888889
6173,356.944444444444
6174,372.722222222222
6175,277
6176,259.722222222222
6177,278.194444444444
6178,295.75
6179,365.888888888889
6180,298.111111111111
6181,296.222222222222
6182,306.861111111111
6183,308.166666666667
6184,267.527777777778
6185,376.027777777778
6186,355.416666666667
6187,276.416666666667
6188,317.972222222222
6189,320.361111111111
6190,298.25
6191,324.944444444444
6192,256.833333333333
6193,248.416666666667
6194,284.666666666667
6195,249.055555555556
6196,261.75
6197,319.305555555556
6198,309.555555555556
6199,298.694444444444
6200,292.305555555556
6201,353.25
6202,338.694444444444
6203,284.416666666667
6204,343.5
6205,332.055555555556
6206,263.666666666667
6207,304.666666666667
6208,219.638888888889
6209,282.944444444444
6210,271.083333333333
6211,295.111111111111
6212,333.083333333333
6213,333.916666666667
6214,288.805555555556
6215,300.666666666667
6216,282.333333333333
6217,310.638888888889
6218,285.666666666667
6219,385.861111111111
6220,339.222222222222
6221,330.805555555556
6222,274.666666666667
6223,310.527777777778
6224,268.75
6225,337.388888888889
6226,286.861111111111
6227,281.611111111111
6228,340.222222222222
6229,350.416666666667
6230,382.861111111111
6231,314.527777777778
6232,317.361111111111
6233,342.222222222222
6234,289.555555555556
6235,254.611111111111
6236,264
6237,299.916666666667
6238,269.611111111111
6239,278.083333333333
6240,243.388888888889
6241,262.194444444444
6242,305.472222222222
6243,242.388888888889
6244,316.75
6245,243.194444444444
6246,348.75
6247,294.277777777778
6248,275.416666666667
6249,264.138888888889
6250,333.777777777778
6251,267.527777777778
6252,264.944444444444
6253,229.333333333333
6254,319.277777777778
6255,341.388888888889
6256,251.888888888889
6257,344.472222222222
6258,349.055555555556
6259,277.75
6260,289.25
6261,383.555555555556
6262,278.805555555556
6263,264.611111111111
6264,302.166666666667
6265,359.805555555556
6266,289.472222222222
6267,341.694444444444
6268,344.138888888889
6269,277.805555555556
6270,306.333333333333
6271,274.055555555556
6272,355.083333333333
6273,291.833333333333
6274,287.888888888889
6275,398.083333333333
6276,341.861111111111
6277,283.361111111111
6278,317.416666666667
6279,329.583333333333
6280,258.722222222222
6281,357.027777777778
6282,312.972222222222
6283,276.222222222222
6284,333.833333333333
6285,279.722222222222
6286,273.305555555556
6287,352.027777777778
6288,328.777777777778
6289,296.666666666667
6290,304.638888888889
6291,303.722222222222
6292,338.694444444444
6293,287.888888888889
6294,343.305555555556
6295,309.722222222222
6296,361.111111111111
6297,311.222222222222
6298,346.25
6299,328.638888888889
6300,278.305555555556
6301,274.777777777778
6302,281.222222222222
6303,318.722222222222
6304,278.222222222222
6305,302.611111111111
6306,247.888888888889
6307,330.694444444444
6308,320.611111111111
6309,226.416666666667
6310,292.694444444444
6311,297.416666666667
6312,345.111111111111
6313,358.666666666667
6314,240.666666666667
6315,297.972222222222
6316,335.027777777778
6317,354.444444444444
6318,275.805555555556
6319,361.138888888889
6320,356.527777777778
6321,328.805555555556
6322,275.416666666667
6323,343.5
6324,283.083333333333
6325,277
6326,321.555555555556
6327,328.694444444444
6328,359.833333333333
6329,285.166666666667
6330,350.638888888889
6331,312.305555555556
6332,294.527777777778
6333,230.944444444444
6334,333.916666666667
6335,314.777777777778
6336,319.111111111111
6337,318.027777777778
6338,249.694444444444
6339,315.083333333333
6340,279.916666666667
6341,355.305555555556
6342,375.666666666667
6343,269.361111111111
6344,355.75
6345,350.361111111111
6346,262.555555555556
6347,258.805555555556
6348,266.083333333333
6349,249.111111111111
6350,317.277777777778
6351,352.638888888889
6352,323.805555555556
6353,245.333333333333
6354,307.805555555556
6355,272.75
6356,292.972222222222
6357,333.75
6358,291.666666666667
6359,287.638888888889
6360,292.75
6361,326.666666666667
6362,316.166666666667
6363,342.638888888889
6364,341.722222222222
6365,329.222222222222
6366,247.388888888889
6367,345.555555555556
6368,297.833333333333
6369,298.305555555556
6370,277.333333333333
6371,245.055555555556
6372,241.194444444444
6373,346.25
6374,248.527777777778
6375,357.222222222222
6376,260.305555555556
6377,345.055555555556
6378,365.166666666667
6379,315.166666666667
6380,296.138888888889
6381,293.666666666667
6382,305.166666666667
6383,342.638888888889
6384,337.833333333333
6385,278.944444444444
6386,292.611111111111
6387,319.527777777778
6388,273.611111111111
6389,333.944444444444
6390,295.111111111111
6391,299.722222222222
6392,287.694444444444
6393,336.111111111111
6394,336.666666666667
6395,342.777777777778
6396,342.194444444444
6397,315.583333333333
6398,331.25
6399,224.333333333333
6400,376.361111111111
6401,280.444444444444
6402,400.25
6403,386.333333333333
6404,333.277777777778
6405,343.861111111111
6406,337.25
6407,345.888888888889
6408,259.444444444444
6409,301.305555555556
6410,278.527777777778
6411,320.25
6412,286.833333333333
6413,333.083333333333
6414,326.694444444444
6415,289.083333333333
6416,368.305555555556
6417,292.222222222222
6418,247.138888888889
6419,305.972222222222
6420,308.75
6421,312
6422,327.25
6423,355.944444444444
6424,291.777777777778
6425,247.527777777778
6426,320.805555555556
6427,356.916666666667
6428,332.277777777778
6429,315.166666666667
6430,322.722222222222
6431,323.777777777778
6432,356.305555555556
6433,319.138888888889
6434,285.583333333333
6435,317
6436,303.111111111111
6437,278.388888888889
6438,345.055555555556
6439,286.666666666667
6440,369.777777777778
6441,259.916666666667
6442,264.222222222222
6443,278.277777777778
6444,377.527777777778
6445,275.972222222222
6446,323.055555555556
6447,302.777777777778
6448,284.166666666667
6449,281.722222222222
6450,300.583333333333
6451,306.555555555556
6452,286.388888888889
6453,286.055555555556
6454,360.083333333333
6455,239.083333333333
6456,356.5
6457,341.25
6458,297.527777777778
6459,309.138888888889
6460,335.5
6461,385.194444444444
6462,368.722222222222
6463,305.861111111111
6464,264.555555555556
6465,289.583333333333
6466,340.027777777778
6467,297.083333333333
6468,315.972222222222
6469,272.361111111111
6470,268.916666666667
6471,331.083333333333
6472,280.416666666667
6473,308.472222222222
6474,303.166666666667
6475,270.583333333333
6476,255.361111111111
6477,305.333333333333
6478,283.111111111111
6479,236.388888888889
6480,284.861111111111
6481,339.277777777778
6482,325.583333333333
6483,327.722222222222
6484,247.416666666667
6485,324.444444444444
6486,323.694444444444
6487,292.138888888889
6488,320.166666666667
6489,276.277777777778
6490,338.5
6491,245.305555555556
6492,291.777777777778
6493,276.083333333333
6494,330.472222222222
6495,273.583333333333
6496,301.416666666667
6497,348.166666666667
6498,320.805555555556
6499,231.527777777778
6500,316.083333333333
6501,332.333333333333
6502,312.527777777778
6503,354.611111111111
6504,321.722222222222
6505,348.833333333333
6506,276.416666666667
6507,283.166666666667
6508,362.027777777778
6509,277
6510,311
6511,308.5
6512,333.305555555556
6513,317.611111111111
6514,241.361111111111
6515,315.555555555556
6516,393.833333333333
6517,365.111111111111
6518,396.277777777778
6519,260
6520,364.388888888889
6521,272.222222222222
6522,357.833333333333
6523,277.111111111111
6524,352.416666666667
6525,278.666666666667
6526,315.777777777778
6527,289.916666666667
6528,228.666666666667
6529,308.5
6530,293.611111111111
6531,339.083333333333
6532,293.527777777778
6533,316.777777777778
6534,258.472222222222
6535,281.027777777778
6536,349.166666666667
6537,263.972222222222
6538,243.527777777778
6539,313
6540,175.083333333333
6541,268.888888888889
6542,348.833333333333
6543,278.333333333333
6544,276.722222222222
6545,313.666666666667
6546,294.305555555556
6547,256.722222222222
6548,315.333333333333
6549,281.722222222222
6550,347.305555555556
6551,386.888888888889
6552,322.75
6553,261.861111111111
6554,274.055555555556
6555,259.75
6556,353.944444444444
6557,345.638888888889
6558,296.361111111111
6559,274.138888888889
6560,274.5
6561,365.027777777778
6562,244.722222222222
6563,339.583333333333
6564,330.916666666667
6565,363.666666666667
6566,300.472222222222
6567,238.583333333333
6568,347.888888888889
6569,235
6570,351.111111111111
6571,309.138888888889
6572,297.666666666667
6573,301.194444444444
6574,321.666666666667
6575,325.138888888889
6576,295.472222222222
6577,334.722222222222
6578,341.5
6579,266.444444444444
6580,301
6581,263.583333333333
6582,333.555555555556
6583,296.444444444444
6584,324.527777777778
6585,300.472222222222
6586,324.916666666667
6587,313.138888888889
6588,290.777777777778
6589,297.305555555556
6590,269.916666666667
6591,256.138888888889
6592,273.111111111111
6593,261.083333333333
6594,273.333333333333
6595,379.055555555556
6596,304.361111111111
6597,295.805555555556
6598,298.972222222222
6599,304.25
6600,326.277777777778
6601,297.444444444444
6602,265.861111111111
6603,340.222222222222
6604,292.694444444444
6605,285.694444444444
6606,311.833333333333
6607,313.722222222222
6608,311.388888888889
6609,291.444444444444
6610,301.027777777778
6611,290.888888888889
6612,272.777777777778
6613,309.555555555556
6614,283.277777777778
6615,255.583333333333
6616,259.305555555556
6617,283.722222222222
6618,325.055555555556
6619,304.5
6620,329.111111111111
6621,405.305555555556
6622,232.638888888889
6623,237.166666666667
6624,225.388888888889
6625,298.722222222222
6626,306.972222222222
6627,230.972222222222
6628,305.694444444444
6629,266.805555555556
6630,310.388888888889
6631,305.305555555556
6632,296
6633,244.583333333333
6634,276.416666666667
6635,247.138888888889
6636,346.277777777778
6637,310.861111111111
6638,319.25
6639,267.25
6640,270.75
6641,326.611111111111
6642,303.5
6643,242.638888888889
6644,318.444444444444
6645,355.555555555556
6646,279.027777777778
6647,374.75
6648,380.083333333333
6649,297.333333333333
6650,264.972222222222
6651,262.694444444444
6652,279.416666666667
6653,258.805555555556
6654,342.472222222222
6655,249
6656,314.416666666667
6657,337.25
6658,287.444444444444
6659,283.416666666667
6660,332.722222222222
6661,338.916666666667
6662,293.916666666667
6663,298.916666666667
6664,311.333333333333
6665,257.222222222222
6666,341.527777777778
6667,304.888888888889
6668,297.833333333333
6669,350.638888888889
6670,317.833333333333
6671,332.972222222222
6672,244.138888888889
6673,342.888888888889
6674,323.805555555556
6675,289.027777777778
6676,291.75
6677,255.75
6678,257.638888888889
6679,321.555555555556
6680,268.611111111111
6681,267.694444444444
6682,280.194444444444
6683,313.083333333333
6684,302.638888888889
6685,398.611111111111
6686,259.916666666667
6687,271.416666666667
6688,329.444444444444
6689,261.5
6690,312.166666666667
6691,284.083333333333
6692,318
6693,341.083333333333
6694,361.666666666667
6695,358.388888888889
6696,298.277777777778
6697,278.833333333333
6698,260.75
6699,408.722222222222
6700,264.111111111111
6701,298.194444444444
6702,236.916666666667
6703,319.138888888889
6704,310.666666666667
6705,318.027777777778
6706,306.555555555556
6707,287.111111111111
6708,321.611111111111
6709,262.777777777778
6710,324.333333333333
6711,277.416666666667
6712,353.277777777778
6713,258.777777777778
6714,298.916666666667
6715,279.638888888889
6716,305.222222222222
6717,315.416666666667
6718,286.361111111111
6719,316.277777777778
6720,273.972222222222
6721,304.444444444444
6722,337.444444444444
6723,288.25
6724,347.972222222222
6725,291.444444444444
6726,306.055555555556
6727,320.388888888889
6728,224.222222222222
6729,348.333333333333
6730,321.083333333333
6731,255.361111111111
6732,348.222222222222
6733,303.833333333333
6734,232.972222222222
6735,294.194444444444
6736,235.666666666667
6737,247.75
6738,318.916666666667
6739,358.611111111111
6740,311.361111111111
6741,279.805555555556
6742,357.222222222222
6743,224.277777777778
6744,315.472222222222
6745,316.333333333333
6746,343.944444444444
6747,331.527777777778
6748,300.25
6749,273.833333333333
6750,271.777777777778
6751,245.138888888889
6752,293.833333333333
6753,350.388888888889
6754,298.555555555556
6755,235.138888888889
6756,256.305555555556
6757,328.416666666667
6758,258.916666666667
6759,266.25
6760,313.444444444444
6761,272.916666666667
6762,299.694444444444
6763,309.083333333333
6764,224.805555555556
6765,273.305555555556
6766,308.888888888889
6767,280
6768,370.027777777778
6769,345.722222222222
6770,329.722222222222
6771,289.861111111111
6772,323.722222222222
6773,414.416666666667
6774,239.611111111111
6775,280.166666666667
6776,221.388888888889
6777,316
6778,324.166666666667
6779,347.694444444444
6780,290.5
6781,284
6782,316.861111111111
6783,305.75
6784,306.861111111111
6785,249.166666666667
6786,309.277777777778
6787,348.25
6788,203.194444444444
6789,359.472222222222
6790,297.888888888889
6791,259.777777777778
6792,356.444444444444
6793,256.194444444444
6794,269.138888888889
6795,273.555555555556
6796,294.944444444444
6797,305.777777777778
6798,211.583333333333
6799,312.666666666667
6800,286.722222222222
6801,267.194444444444
6802,281.222222222222
6803,311.888888888889
6804,291.166666666667
6805,290.305555555556
6806,301.111111111111
6807,331.388888888889
6808,340.416666666667
6809,214.5
6810,351.083333333333
6811,290.138888888889
6812,210.722222222222
6813,320.305555555556
6814,258.888888888889
6815,332.166666666667
6816,356.833333333333
6817,315.25
6818,385.027777777778
6819,290.861111111111
6820,285.333333333333
6821,348.861111111111
6822,365.055555555556
6823,193.027777777778
6824,237.027777777778
6825,275.583333333333
6826,310.972222222222
6827,281.916666666667
6828,274.277777777778
6829,285.388888888889
6830,358.416666666667
6831,275.388888888889
6832,289.5
6833,355.083333333333
6834,325.305555555556
6835,267.75
6836,266.277777777778
6837,302.666666666667
6838,311.25
6839,240.138888888889
6840,326.972222222222
6841,287.638888888889
6842,313
6843,333.361111111111
6844,288.222222222222
6845,297.833333333333
6846,326.638888888889
6847,287.555555555556
6848,321.222222222222
6849,295.944444444444
6850,320.333333333333
6851,360.916666666667
6852,298.638888888889
6853,293.083333333333
6854,282.972222222222
6855,281.527777777778
6856,338.472222222222
6857,384.611111111111
6858,264.805555555556
6859,303.888888888889
6860,314.666666666667
6861,320.277777777778
6862,409.027777777778
6863,274.888888888889
6864,311.916666666667
6865,282.333333333333
6866,331.277777777778
6867,276.972222222222
6868,291.638888888889
6869,306.972222222222
6870,291.555555555556
6871,372.75
6872,264.5
6873,332.666666666667
6874,363.222222222222
6875,334.777777777778
6876,302.138888888889
6877,249.527777777778
6878,288.444444444444
6879,282.277777777778
6880,248.138888888889
6881,300.111111111111
6882,277.25
6883,342.111111111111
6884,275.222222222222
6885,247.638888888889
6886,305.25
6887,278.916666666667
6888,346.333333333333
6889,315.666666666667
6890,342
6891,300.972222222222
6892,335.055555555556
6893,284.611111111111
6894,319.416666666667
6895,379.527777777778
6896,322.861111111111
6897,333.5
6898,322.444444444444
6899,376.527777777778
6900,324.25
6901,216.083333333333
6902,278.861111111111
6903,311.555555555556
6904,363.944444444444
6905,269.388888888889
6906,339.444444444444
6907,274.75
6908,229.583333333333
6909,369.472222222222
6910,293.5
6911,274.361111111111
6912,260.027777777778
6913,230.722222222222
6914,217.833333333333
6915,383.361111111111
6916,309.416666666667
6917,325.583333333333
6918,266.416666666667
6919,330
6920,406.25
6921,392.583333333333
6922,278.75
6923,285.388888888889
6924,335.944444444444
6925,285.5
6926,315.611111111111
6927,258.5
6928,325.833333333333
6929,381.75
6930,286.083333333333
6931,268.916666666667
6932,358.916666666667
6933,288.333333333333
6934,275.277777777778
6935,260.972222222222
6936,254.527777777778
6937,331.25
6938,314.888888888889
6939,234.111111111111
6940,281.777777777778
6941,314.027777777778
6942,323.25
6943,333.361111111111
6944,302.388888888889
6945,272.166666666667
6946,325.555555555556
6947,269.611111111111
6948,243.694444444444
6949,369.166666666667
6950,352.888888888889
6951,314.333333333333
6952,287.638888888889
6953,313.972222222222
6954,299.444444444444
6955,309.138888888889
6956,359.222222222222
6957,220.527777777778
6958,320.333333333333
6959,298.222222222222
6960,310.833333333333
6961,330.222222222222
6962,324.388888888889
6963,323.444444444444
6964,255.777777777778
6965,320.527777777778
6966,262.583333333333
6967,310.972222222222
6968,323.194444444444
6969,340.361111111111
6970,330.444444444444
6971,328.75
6972,386.361111111111
6973,298.916666666667
6974,256.611111111111
6975,323.333333333333
6976,280.888888888889
6977,289.666666666667
6978,267.527777777778
6979,326.361111111111
6980,285.416666666667
6981,334
6982,352.527777777778
6983,302.833333333333
6984,344.694444444444
6985,298.527777777778
6986,343.916666666667
6987,372.861111111111
6988,234.555555555556
6989,314.472222222222
6990,337.5
6991,352.361111111111
6992,257.305555555556
6993,217.75
6994,292.166666666667
6995,318.027777777778
6996,302.833333333333
6997,271.361111111111
6998,261.666666666667
6999,319.638888888889
7000,353.194444444444
7001,323.944444444444
7002,305.444444444444
7003,244.305555555556
7004,292.916666666667
7005,309.916666666667
7006,348.833333333333
7007,300.944444444444
7008,320.222222222222
7009,351.333333333333
7010,307.5
7011,314.194444444444
7012,256.083333333333
7013,339.25
7014,301.833333333333
7015,291.361111111111
7016,272.166666666667
7017,299.277777777778
7018,304.861111111111
7019,329
7020,377.527777777778
7021,268.555555555556
7022,301.527777777778
7023,329.277777777778
7024,316.694444444444
7025,258.666666666667
7026,310.083333333333
7027,330.138888888889
7028,389.222222222222
7029,317.944444444444
7030,283.083333333333
7031,351.083333333333
7032,232.916666666667
7033,302.111111111111
7034,324.75
7035,321.972222222222
7036,282.555555555556
7037,322.972222222222
7038,276.916666666667
7039,275.583333333333
7040,305.472222222222
7041,244.916666666667
7042,313.138888888889
7043,334.555555555556
7044,322.861111111111
7045,322.5
7046,311.583333333333
7047,334.611111111111
7048,279.027777777778
7049,300.416666666667
7050,288.972222222222
7051,289.555555555556
7052,305.694444444444
7053,264.222222222222
7054,374.861111111111
7055,336.388888888889
7056,324.277777777778
7057,311.861111111111
7058,356.972222222222
7059,344.888888888889
7060,324.333333333333
7061,310.305555555556
7062,246.305555555556
7063,261.916666666667
7064,306.805555555556
7065,349.5
7066,291.361111111111
7067,307.138888888889
7068,320.5
7069,295.638888888889
7070,258.944444444444
7071,319.388888888889
7072,289.972222222222
7073,288.388888888889
7074,336.75
7075,327.083333333333
7076,306.277777777778
7077,322.472222222222
7078,310.5
7079,351.805555555556
7080,276.222222222222
7081,279.055555555556
7082,330.027777777778
7083,283.75
7084,282.972222222222
7085,354.027777777778
7086,314.861111111111
7087,255.694444444444
7088,375.25
7089,261.888888888889
7090,322.305555555556
7091,304.083333333333
7092,354.027777777778
7093,375.083333333333
7094,274
7095,251.611111111111
7096,301.666666666667
7097,296.444444444444
7098,342.916666666667
7099,251.333333333333
7100,303.638888888889
7101,267.944444444444
7102,265.833333333333
7103,298.722222222222
7104,346.166666666667
7105,315.25
7106,264.888888888889
7107,308.083333333333
7108,309.472222222222
7109,245.611111111111
7110,290.861111111111
7111,329.25
7112,327.916666666667
7113,234.111111111111
7114,296.944444444444
7115,278.333333333333
7116,386.916666666667
7117,381.25
7118,343.416666666667
7119,409.861111111111
7120,344.944444444444
7121,331.111111111111
7122,280.888888888889
7123,364.083333333333
7124,294.833333333333
7125,312.75
7126,317.5
7127,347
7128,321.055555555556
7129,255.416666666667
7130,267.416666666667
7131,373.333333333333
7132,310.138888888889
7133,340.833333333333
7134,291
7135,333.166666666667
7136,317.777777777778
7137,292.972222222222
7138,259.861111111111
7139,272.555555555556
7140,256.166666666667
7141,284.777777777778
7142,389.527777777778
7143,221.166666666667
7144,308.944444444444
7145,274.638888888889
7146,276.5
7147,210.5
7148,341.5
7149,385.666666666667
7150,411.75
7151,289.333333333333
7152,306.555555555556
7153,318.611111111111
7154,357
7155,311.361111111111
7156,327.194444444444
7157,305.638888888889
7158,310.694444444444
7159,283.416666666667
7160,243.111111111111
7161,337.194444444444
7162,268.638888888889
7163,299.722222222222
7164,307.055555555556
7165,272.138888888889
7166,343.611111111111
7167,364.972222222222
7168,379.222222222222
7169,296.694444444444
7170,275.361111111111
7171,313.472222222222
7172,338.944444444444
7173,303.75
7174,287.305555555556
7175,337.611111111111
7176,271.833333333333
7177,362.944444444444
7178,375.138888888889
7179,357.361111111111
7180,384.222222222222
7181,284.055555555556
7182,260.166666666667
7183,289.111111111111
7184,240.777777777778
7185,283.111111111111
7186,316.638888888889
7187,280.916666666667
7188,323.527777777778
7189,300.555555555556
7190,272.972222222222
7191,281.722222222222
7192,305.361111111111
7193,310.305555555556
7194,259
7195,351.277777777778
7196,297.916666666667
7197,305.944444444444
7198,310.666666666667
7199,338.277777777778
7200,316.777777777778
7201,349.194444444444
7202,423.972222222222
7203,312.194444444444
7204,350.194444444444
7205,274.611111111111
7206,231.138888888889
7207,323.666666666667
7208,320.694444444444
7209,290.083333333333
7210,230.75
7211,356.333333333333
7212,320.777777777778
7213,273.25
7214,330.861111111111
7215,254.611111111111
7216,337.777777777778
7217,344.138888888889
7218,284.166666666667
7219,360.277777777778
7220,321.027777777778
7221,289.777777777778
7222,427.583333333333
7223,286.611111111111
7224,241.583333333333
7225,339.916666666667
7226,277.361111111111
7227,317.666666666667
7228,263.388888888889
7229,255.75
7230,333.5
7231,319.25
7232,346.75
7233,277.583333333333
7234,280.583333333333
7235,259.777777777778
7236,270.638888888889
7237,289
7238,278.333333333333
7239,389.5
7240,337.055555555556
7241,392.222222222222
7242,273.194444444444
7243,305
7244,240.5
7245,341.916666666667
7246,261.305555555556
7247,263.166666666667
7248,279.416666666667
7249,353.944444444444
7250,291.666666666667
7251,338.055555555556
7252,351.083333333333
7253,352.222222222222
7254,323.972222222222
7255,312.527777777778
7256,228.055555555556
7257,291.944444444444
7258,277.722222222222
7259,344.416666666667
7260,231.555555555556
7261,294.027777777778
7262,321.277777777778
7263,321.75
7264,280.638888888889
7265,238.805555555556
7266,248.416666666667
7267,278.083333333333
7268,376.5
7269,267.111111111111
7270,303.5
7271,359.694444444444
7272,366.388888888889
7273,280.777777777778
7274,237.972222222222
7275,294.75
7276,292.388888888889
7277,297.416666666667
7278,259.138888888889
7279,347.666666666667
7280,329.611111111111
7281,352.611111111111
7282,274.361111111111
7283,284.194444444444
7284,353.416666666667
7285,287.277777777778
7286,363.416666666667
7287,259.361111111111
7288,386.111111111111
7289,318.972222222222
7290,335.333333333333
7291,253
7292,307.555555555556
7293,325.111111111111
7294,346.777777777778
7295,347.75
7296,329.5
7297,273.222222222222
7298,295.805555555556
7299,317.75
7300,285.138888888889
7301,301.972222222222
7302,308.777777777778
7303,332.361111111111
7304,360.527777777778
7305,292.027777777778
7306,302.111111111111
7307,336.277777777778
7308,373.25
7309,341.222222222222
7310,305.555555555556
7311,273.722222222222
7312,301.027777777778
7313,326.222222222222
7314,304.277777777778
7315,355.305555555556
7316,291.527777777778
7317,352.277777777778
7318,292.611111111111
7319,343.777777777778
7320,267.138888888889
7321,268.25
7322,367.444444444444
7323,345.472222222222
7324,349.944444444444
7325,325.361111111111
7326,304.472222222222
7327,234.055555555556
7328,323.555555555556
7329,277.805555555556
7330,279.277777777778
7331,305.25
7332,311.305555555556
7333,299.388888888889
7334,255.25
7335,287.055555555556
7336,326.805555555556
7337,300.888888888889
7338,338
7339,273.805555555556
7340,340.305555555556
7341,354.361111111111
7342,266.861111111111
7343,335.833333333333
7344,256.083333333333
7345,334.638888888889
7346,219.25
7347,288.805555555556
7348,318.083333333333
7349,268.388888888889
7350,249.222222222222
7351,281.305555555556
7352,220.305555555556
7353,301.333333333333
7354,231.194444444444
7355,288.638888888889
7356,331
7357,284.194444444444
7358,321.333333333333
7359,310.055555555556
7360,332.527777777778
7361,337.222222222222
7362,345.805555555556
7363,295.5
7364,293.972222222222
7365,313.694444444444
7366,360.222222222222
7367,284.861111111111
7368,310.222222222222
7369,333.611111111111
7370,329.194444444444
7371,309
7372,304.277777777778
7373,284.472222222222
7374,327.972222222222
7375,263.75
7376,345.388888888889
7377,301.361111111111
7378,295.472222222222
7379,363.916666666667
7380,249.416666666667
7381,277.666666666667
7382,345.111111111111
7383,253.333333333333
7384,322.888888888889
7385,314.25
7386,242.722222222222
7387,303.777777777778
7388,239.805555555556
7389,350.416666666667
7390,298.777777777778
7391,279.083333333333
7392,290.694444444444
7393,313.722222222222
7394,311.527777777778
7395,323.333333333333
7396,269.194444444444
7397,330
7398,284.166666666667
7399,301.75
7400,319.055555555556
7401,289
7402,251.111111111111
7403,228.888888888889
7404,292.944444444444
7405,292.416666666667
7406,325.333333333333
7407,272.361111111111
7408,269.833333333333
7409,287.361111111111
7410,248
7411,281.916666666667
7412,341
7413,296.972222222222
7414,300.861111111111
7415,299.472222222222
7416,270.277777777778
7417,300.027777777778
7418,322.138888888889
7419,270.444444444444
7420,349.416666666667
7421,348.638888888889
7422,350.111111111111
7423,274.388888888889
7424,345.5
7425,275.611111111111
7426,283.5
7427,276.305555555556
7428,226.444444444444
7429,335.083333333333
7430,383.805555555556
7431,276.638888888889
7432,301.222222222222
7433,215.277777777778
7434,293.277777777778
7435,330.138888888889
7436,325.111111111111
7437,299.138888888889
7438,288
7439,368.333333333333
7440,314.583333333333
7441,295.805555555556
7442,197.611111111111
7443,319.305555555556
7444,268.583333333333
7445,345.388888888889
7446,300.833333333333
7447,273.388888888889
7448,362.055555555556
7449,281
7450,256.805555555556
7451,319.972222222222
7452,355.583333333333
7453,264.111111111111
7454,340.972222222222
7455,294.805555555556
7456,322.805555555556
7457,259.527777777778
7458,231.638888888889
7459,247.666666666667
7460,324.944444444444
7461,288.055555555556
7462,256.416666666667
7463,343.833333333333
7464,332.888888888889
7465,334.333333333333
7466,343.888888888889
7467,211.222222222222
7468,288.111111111111
7469,263.75
7470,333.083333333333
7471,226.444444444444
7472,290.333333333333
7473,275.055555555556
7474,227.944444444444
7475,232.305555555556
7476,276.888888888889
7477,269.055555555556
7478,318.75
7479,231.583333333333
7480,263.555555555556
7481,330.916666666667
7482,311.583333333333
7483,308.777777777778
7484,328.972222222222
7485,381.861111111111
7486,353.638888888889
7487,207.305555555556
7488,285.111111111111
7489,400.805555555556
7490,327.722222222222
7491,285.166666666667
7492,248.916666666667
7493,353.888888888889
7494,314.75
7495,387.944444444444
7496,242.083333333333
7497,342.527777777778
7498,294.277777777778
7499,296.055555555556
7500,267.25
7501,324.694444444444
7502,322.25
7503,314.75
7504,301.138888888889
7505,262
7506,274.805555555556
7507,311.916666666667
7508,267.805555555556
7509,296.972222222222
7510,290.138888888889
7511,284.333333333333
7512,326.333333333333
7513,345.416666666667
7514,315.75
7515,273.888888888889
7516,327.305555555556
7517,293.5
7518,317.583333333333
7519,274.888888888889
7520,337.888888888889
7521,335.055555555556
7522,308.527777777778
7523,318.111111111111
7524,269.722222222222
7525,281.722222222222
7526,270.5
7527,299.694444444444
7528,274.5
7529,256.305555555556
7530,253.555555555556
7531,293.722222222222
7532,294.75
7533,360.611111111111
7534,321.416666666667
7535,281.25
7536,363.027777777778
7537,321
7538,309.75
7539,385.138888888889
7540,297.527777777778
7541,268.944444444444
7542,354.75
7543,246.722222222222
7544,281.166666666667
7545,348.222222222222
7546,263.666666666667
7547,300.055555555556
7548,320.388888888889
7549,303.694444444444
7550,279.361111111111
7551,324.25
7552,303.055555555556
7553,271.027777777778
7554,359.444444444444
7555,382.166666666667
7556,332.138888888889
7557,263.694444444444
7558,277.027777777778
7559,318.305555555556
7560,316.222222222222
7561,251.944444444444
7562,269.277777777778
7563,321.861111111111
7564,304.388888888889
7565,217.777777777778
7566,319.916666666667
7567,265.222222222222
7568,321.111111111111
7569,267.083333333333
7570,318.333333333333
7571,323.305555555556
7572,308.055555555556
7573,302.222222222222
7574,316.861111111111
7575,329.194444444444
7576,309.916666666667
7577,317.333333333333
7578,360.111111111111
7579,397.75
7580,261.305555555556
7581,312.666666666667
7582,276.083333333333
7583,276.166666666667
7584,314.333333333333
7585,339.861111111111
7586,254.138888888889
7587,281
7588,315.777777777778
7589,329.555555555556
7590,286.194444444444
7591,303.666666666667
7592,274.5
7593,355.694444444444
7594,299.972222222222
7595,278.222222222222
7596,326.166666666667
7597,351.944444444444
7598,285.055555555556
7599,283.583333333333
7600,337.111111111111
7601,291.611111111111
7602,307.027777777778
7603,306.444444444444
7604,296.25
7605,308.388888888889
7606,252.638888888889
7607,284.416666666667
7608,363.138888888889
7609,294.527777777778
7610,280.694444444444
7611,309.388888888889
7612,339.472222222222
7613,313.861111111111
7614,223.277777777778
7615,251.5
7616,357.444444444444
7617,288.305555555556
7618,307.777777777778
7619,251.027777777778
7620,298.638888888889
7621,292.333333333333
7622,373.916666666667
7623,265.722222222222
7624,339.611111111111
7625,287.111111111111
7626,226.277777777778
7627,328.083333333333
7628,340.805555555556
7629,382.444444444444
7630,274.833333333333
7631,271.583333333333
7632,280.916666666667
7633,272.555555555556
7634,297.888888888889
7635,237.222222222222
7636,290.305555555556
7637,278.194444444444
7638,277.333333333333
7639,358.861111111111
7640,300.583333333333
7641,242.527777777778
7642,286.444444444444
7643,297.638888888889
7644,267.083333333333
7645,305.472222222222
7646,301.722222222222
7647,283.388888888889
7648,266.361111111111
7649,290.333333333333
7650,319.638888888889
7651,319.5
7652,247.972222222222
7653,316.416666666667
7654,276.555555555556
7655,308.25
7656,275.861111111111
7657,304.916666666667
7658,338.916666666667
7659,290.527777777778
7660,335.972222222222
7661,268.25
7662,319.25
7663,233.638888888889
7664,302.583333333333
7665,318.333333333333
7666,281.888888888889
7667,284.472222222222
7668,272.638888888889
7669,249.861111111111
7670,246.444444444444
7671,244.805555555556
7672,290.833333333333
7673,295.5
7674,355.083333333333
7675,310.611111111111
7676,340.305555555556
7677,349.583333333333
7678,198.166666666667
7679,349.25
7680,319.055555555556
7681,315.083333333333
7682,239.805555555556
7683,229
7684,310.5
7685,268.666666666667
7686,356.638888888889
7687,314.944444444444
7688,323.777777777778
7689,256.555555555556
7690,297.916666666667
7691,318.944444444444
7692,329.5
7693,303.083333333333
7694,316.333333333333
7695,296.083333333333
7696,310.75
7697,330.638888888889
7698,343.888888888889
7699,253.777777777778
7700,338.888888888889
7701,305.638888888889
7702,248.194444444444
7703,242.388888888889
7704,284.388888888889
7705,328
7706,299.361111111111
7707,254.916666666667
7708,323.444444444444
7709,290.083333333333
7710,340.083333333333
7711,356.111111111111
7712,352.722222222222
7713,284.388888888889
7714,310.055555555556
7715,311.416666666667
7716,349.5
7717,271.638888888889
7718,241.638888888889
7719,367.888888888889
7720,339.055555555556
7721,302.25
7722,275.277777777778
7723,328.75
7724,296.111111111111
7725,306.222222222222
7726,263.277777777778
7727,243.555555555556
7728,233.638888888889
7729,323.833333333333
7730,236.944444444444
7731,282.222222222222
7732,357.722222222222
7733,293.666666666667
7734,307.222222222222
7735,348.277777777778
7736,339.194444444444
7737,416.388888888889
7738,302.916666666667
7739,323.527777777778
7740,308.722222222222
7741,388.277777777778
7742,252.111111111111
7743,313.027777777778
7744,333.75
7745,239.361111111111
7746,315.388888888889
7747,222.916666666667
7748,286.361111111111
7749,301.833333333333
7750,248.333333333333
7751,316.25
7752,303.388888888889
7753,336.888888888889
7754,393.972222222222
7755,288.527777777778
7756,361.416666666667
7757,309.305555555556
7758,370.611111111111
7759,262.666666666667
7760,285.805555555556
7761,375.944444444444
7762,297.25
7763,256.111111111111
7764,311.694444444444
7765,318.916666666667
7766,230.305555555556
7767,368.555555555556
7768,324.5
7769,324.055555555556
7770,290.805555555556
7771,249.694444444444
7772,294.194444444444
7773,338.611111111111
7774,297.361111111111
7775,309.083333333333
7776,314.583333333333
7777,339.777777777778
7778,261.25
7779,287.777777777778
7780,243.722222222222
7781,319.388888888889
7782,304.666666666667
7783,334.722222222222
7784,395.5
7785,351.805555555556
7786,382.611111111111
7787,352.138888888889
7788,297.416666666667
7789,329.555555555556
7790,312.111111111111
7791,204.916666666667
7792,275.5
7793,312.722222222222
7794,261.444444444444
7795,300.972222222222
7796,323.75
7797,377.472222222222
7798,312.416666666667
7799,298.527777777778
7800,254.777777777778
7801,306.472222222222
7802,329.527777777778
7803,234.055555555556
7804,300.861111111111
7805,281.916666666667
7806,251.972222222222
7807,276.055555555556
7808,222.638888888889
7809,287.222222222222
7810,309.416666666667
7811,273.25
7812,291.111111111111
7813,299.111111111111
7814,354.611111111111
7815,375.333333333333
7816,285.416666666667
7817,339.444444444444
7818,298.25
7819,285.472222222222
7820,273.722222222222
7821,220.083333333333
7822,307.666666666667
7823,357.388888888889
7824,249.333333333333
7825,261.694444444444
7826,333.666666666667
7827,279.805555555556
7828,289.5
7829,246.972222222222
7830,265.027777777778
7831,326.222222222222
7832,264.138888888889
7833,308.638888888889
7834,274.277777777778
7835,288.777777777778
7836,307.583333333333
7837,254.388888888889
7838,290.027777777778
7839,296
7840,183.444444444444
7841,269.166666666667
7842,354.055555555556
7843,331.25
7844,316.5
7845,300.333333333333
7846,286.527777777778
7847,303.694444444444
7848,311.472222222222
7849,319.777777777778
7850,282.166666666667
7851,307.583333333333
7852,218.638888888889
7853,297.277777777778
7854,340.083333333333
7855,235.027777777778
7856,320.194444444444
7857,344.888888888889
7858,256.777777777778
7859,274.388888888889
7860,318.166666666667
7861,291.027777777778
7862,235.527777777778
7863,372.75
7864,357.111111111111
7865,330.111111111111
7866,310.666666666667
7867,326.555555555556
7868,310.944444444444
7869,244.805555555556
7870,276.277777777778
7871,345.083333333333
7872,349.583333333333
7873,364.444444444444
7874,260.666666666667
7875,278.666666666667
7876,286.888888888889
7877,281.861111111111
7878,311.861111111111
7879,273.944444444444
7880,287.722222222222
7881,325.055555555556
7882,348
7883,310.416666666667
7884,294.333333333333
7885,292.222222222222
7886,317.777777777778
7887,265.111111111111
7888,316.694444444444
7889,294.444444444444
7890,316.777777777778
7891,330.777777777778
7892,383.055555555556
7893,330.222222222222
7894,374.194444444444
7895,285.638888888889
7896,286.5
7897,322.027777777778
7898,321.527777777778
7899,237.805555555556
7900,317.416666666667
7901,288.5
7902,301.5
7903,296.472222222222
7904,333.638888888889
7905,276.388888888889
7906,299.194444444444
7907,290.666666666667
7908,274.5
7909,363.638888888889
7910,241.722222222222
7911,287.111111111111
7912,332.027777777778
7913,322.972222222222
7914,273.638888888889
7915,378
7916,300.305555555556
7917,316.527777777778
7918,352.5
7919,329.805555555556
7920,337.694444444444
7921,327.916666666667
7922,359.083333333333
7923,303.166666666667
7924,277.277777777778
7925,351.666666666667
7926,240.083333333333
7927,336.472222222222
7928,250.555555555556
7929,274.777777777778
7930,275.277777777778
7931,355.472222222222
7932,349.638888888889
7933,261.666666666667
7934,263.638888888889
7935,327.388888888889
7936,327.694444444444
7937,218.166666666667
7938,280.472222222222
7939,318.055555555556
7940,309.861111111111
7941,362.694444444444
7942,390
7943,298.555555555556
7944,392.833333333333
7945,313.527777777778
7946,294.944444444444
7947,405.333333333333
7948,283.777777777778
7949,261.25
7950,377.777777777778
7951,317.472222222222
7952,273.194444444444
7953,296.361111111111
7954,244.333333333333
7955,258.722222222222
7956,303.694444444444
7957,267.527777777778
7958,336.666666666667
7959,348.222222222222
7960,333.944444444444
7961,266.25
7962,297.055555555556
7963,337.305555555556
7964,296.972222222222
7965,279.916666666667
7966,297.222222222222
7967,309.083333333333
7968,283.805555555556
7969,348.277777777778
7970,326.194444444444
7971,244.138888888889
7972,257.805555555556
7973,281.694444444444
7974,276.916666666667
7975,230.305555555556
7976,363.361111111111
7977,311.722222222222
7978,349.583333333333
7979,224.833333333333
7980,298.833333333333
7981,312.555555555556
7982,306.361111111111
7983,340.055555555556
7984,294.388888888889
7985,320.861111111111
7986,343.5
7987,331.583333333333
7988,341.083333333333
7989,265.944444444444
7990,244.555555555556
7991,374.944444444444
7992,303.555555555556
7993,262.222222222222
7994,320.916666666667
7995,324.472222222222
7996,308.444444444444
7997,316.333333333333
7998,297.166666666667
7999,286.611111111111
8000,281.083333333333
8001,282.194444444444
8002,316.222222222222
8003,320.666666666667
8004,228.611111111111
8005,286.944444444444
8006,312.277777777778
8007,286.555555555556
8008,313.555555555556
8009,337.027777777778
8010,273.166666666667
8011,304.305555555556
8012,322.361111111111
8013,254.027777777778
8014,276.777777777778
8015,329.694444444444
8016,326.444444444444
8017,336.388888888889
8018,330.277777777778
8019,354.833333333333
8020,326.583333333333
8021,303.222222222222
8022,292.611111111111
8023,334.222222222222
8024,271.166666666667
8025,291.944444444444
8026,283.388888888889
8027,351.694444444444
8028,275.277777777778
8029,303.694444444444
8030,270.333333333333
8031,287.75
8032,296
8033,272.638888888889
8034,362.972222222222
8035,301.611111111111
8036,337.444444444444
8037,291.888888888889
8038,300.111111111111
8039,327.305555555556
8040,296.722222222222
8041,348.305555555556
8042,205.361111111111
8043,339.861111111111
8044,332.972222222222
8045,239.388888888889
8046,295.666666666667
8047,246.777777777778
8048,336.222222222222
8049,312.027777777778
8050,277.416666666667
8051,263.694444444444
8052,302.444444444444
8053,283.777777777778
8054,275.638888888889
8055,286.111111111111
8056,298.194444444444
8057,303.333333333333
8058,358.916666666667
8059,340.166666666667
8060,294.638888888889
8061,226.944444444444
8062,322.666666666667
8063,377.055555555556
8064,294.638888888889
8065,326.583333333333
8066,284.666666666667
8067,344.083333333333
8068,354.055555555556
8069,306.805555555556
8070,351.888888888889
8071,306.972222222222
8072,292.083333333333
8073,294.111111111111
8074,344.833333333333
8075,355.833333333333
8076,223.25
8077,314.805555555556
8078,263.583333333333
8079,357.25
8080,275.777777777778
8081,358
8082,322.972222222222
8083,250.166666666667
8084,303.583333333333
8085,308.027777777778
8086,326.722222222222
8087,317.416666666667
8088,373.916666666667
8089,339.555555555556
8090,295.527777777778
8091,325.027777777778
8092,320.305555555556
8093,325
8094,285.694444444444
8095,298.472222222222
8096,293.833333333333
8097,360.916666666667
8098,266.444444444444
8099,271.972222222222
8100,288.194444444444
8101,207.75
8102,271.666666666667
8103,349.027777777778
8104,280.805555555556
8105,311.166666666667
8106,346.416666666667
8107,309.166666666667
8108,311.194444444444
8109,333.805555555556
8110,286.722222222222
8111,300.666666666667
8112,342.638888888889
8113,299.527777777778
8114,337.944444444444
8115,325.944444444444
8116,281.805555555556
8117,316.5
8118,307.138888888889
8119,314.388888888889
8120,317.166666666667
8121,232.555555555556
8122,268.777777777778
8123,269.694444444444
8124,240.75
8125,263.305555555556
8126,291.75
8127,305.694444444444
8128,232.333333333333
8129,327.5
8130,300.583333333333
8131,330.444444444444
8132,325.611111111111
8133,292.527777777778
8134,390.055555555556
8135,354.305555555556
8136,285.444444444444
8137,281.583333333333
8138,271.777777777778
8139,281.527777777778
8140,300.027777777778
8141,351.972222222222
8142,276.111111111111
8143,244
8144,296.5
8145,271.444444444444
8146,310.583333333333
8147,262.361111111111
8148,304.305555555556
8149,338.333333333333
8150,323.722222222222
8151,360.861111111111
8152,286.916666666667
8153,331.944444444444
8154,256.805555555556
8155,336.083333333333
8156,350
8157,277.833333333333
8158,332.111111111111
8159,305.166666666667
8160,296.166666666667
8161,334.888888888889
8162,300.888888888889
8163,304.25
8164,376.194444444444
8165,325.083333333333
8166,276.416666666667
8167,343.888888888889
8168,321.277777777778
8169,313.388888888889
8170,332.972222222222
8171,271.194444444444
8172,274.805555555556
8173,296.555555555556
8174,315.75
8175,261.305555555556
8176,314.083333333333
8177,284.194444444444
8178,321.416666666667
8179,393.5
8180,342.527777777778
8181,252.472222222222
8182,295.361111111111
8183,309.583333333333
8184,290.611111111111
8185,340.5
8186,282.055555555556
8187,255.083333333333
8188,332.416666666667
8189,314.138888888889
8190,272.638888888889
8191,256.583333333333
8192,243.416666666667
8193,301.916666666667
8194,326.277777777778
8195,280.083333333333
8196,218.388888888889
8197,247.333333333333
8198,320.777777777778
8199,311.583333333333
8200,316.666666666667
8201,362.666666666667
8202,340.25
8203,340.027777777778
8204,307.527777777778
8205,311.277777777778
8206,281.555555555556
8207,287.194444444444
8208,315.388888888889
8209,334.583333333333
8210,356.277777777778
8211,257.916666666667
8212,247.055555555556
8213,299.888888888889
8214,273.75
8215,358.416666666667
8216,352.527777777778
8217,274.111111111111
8218,253.666666666667
8219,313.027777777778
8220,283.694444444444
8221,324.694444444444
8222,274.305555555556
8223,320.75
8224,386.805555555556
8225,304.416666666667
8226,292.972222222222
8227,299.861111111111
8228,310.75
8229,350.694444444444
8230,359.611111111111
8231,241.333333333333
8232,264.972222222222
8233,337.666666666667
8234,316.888888888889
8235,247.916666666667
8236,322.361111111111
8237,235.277777777778
8238,279.972222222222
8239,249.888888888889
8240,330.194444444444
8241,396.583333333333
8242,298.5
8243,328.277777777778
8244,314.194444444444
8245,375.277777777778
8246,322.5
8247,276.25
8248,385
8249,292.527777777778
8250,251.194444444444
8251,313.833333333333
8252,293.305555555556
8253,299.527777777778
8254,313.916666666667
8255,329.611111111111
8256,283.777777777778
8257,288.083333333333
8258,336.944444444444
8259,323.694444444444
8260,272.805555555556
8261,352.666666666667
8262,262.972222222222
8263,280.333333333333
8264,270.222222222222
8265,307.555555555556
8266,338.833333333333
8267,294.444444444444
8268,316.666666666667
8269,314.666666666667
8270,277.138888888889
8271,331.583333333333
8272,348.777777777778
8273,353.805555555556
8274,273.944444444444
8275,352.694444444444
8276,235.666666666667
8277,280.333333333333
8278,333.027777777778
8279,306.083333333333
8280,282.5
8281,359.138888888889
8282,346.833333333333
8283,269.444444444444
8284,240.194444444444
8285,290.861111111111
8286,336.861111111111
8287,214.833333333333
8288,293.5
8289,358.916666666667
8290,358.75
8291,264.5
8292,375.138888888889
8293,290.583333333333
8294,277.777777777778
8295,349.305555555556
8296,298.75
8297,267.75
8298,333.055555555556
8299,307.361111111111
8300,346.027777777778
8301,276.444444444444
8302,360.472222222222
8303,365.083333333333
8304,266
8305,353.138888888889
8306,349.861111111111
8307,298.333333333333
8308,302.611111111111
8309,330.75
8310,284.305555555556
8311,347.388888888889
8312,321.361111111111
8313,203.527777777778
8314,277.111111111111
8315,317.805555555556
8316,309.333333333333
8317,309
8318,229.5
8319,306.694444444444
8320,263.194444444444
8321,246.416666666667
8322,322.444444444444
8323,290.888888888889
8324,283.333333333333
8325,337.75
8326,298.916666666667
8327,254.972222222222
8328,303.75
8329,264.666666666667
8330,327.666666666667
8331,371.305555555556
8332,266.166666666667
8333,300.888888888889
8334,341.25
8335,409.111111111111
8336,329.472222222222
8337,318.027777777778
8338,259.694444444444
8339,314.777777777778
8340,350.444444444444
8341,325.333333333333
8342,325.75
8343,357.805555555556
8344,278.611111111111
8345,312.75
8346,275.583333333333
8347,294.5
8348,269.972222222222
8349,306.027777777778
8350,264.638888888889
8351,278.527777777778
8352,230.388888888889
8353,236.305555555556
8354,292.388888888889
8355,316.611111111111
8356,289.722222222222
8357,311.611111111111
8358,285.527777777778
8359,333.166666666667
8360,261.388888888889
8361,306.388888888889
8362,270.5
8363,295.388888888889
8364,303.555555555556
8365,366.833333333333
8366,315.972222222222
8367,346.777777777778
8368,275.722222222222
8369,372.833333333333
8370,240.805555555556
8371,326.861111111111
8372,327.5
8373,307.5
8374,259.444444444444
8375,353.666666666667
8376,279.666666666667
8377,276.611111111111
8378,331.222222222222
8379,278.555555555556
8380,290.305555555556
8381,345.916666666667
8382,354.027777777778
8383,359.138888888889
8384,344.138888888889
8385,331.555555555556
8386,326.888888888889
8387,316.111111111111
8388,273.888888888889
8389,306.388888888889
8390,345.361111111111
8391,232.694444444444
8392,256.861111111111
8393,311.361111111111
8394,244.888888888889
8395,248.861111111111
8396,339.388888888889
8397,322
8398,297.75
8399,357.944444444444
8400,315.5
8401,246.333333333333
8402,283.25
8403,365.472222222222
8404,322.027777777778
8405,287.25
8406,255.527777777778
8407,360.555555555556
8408,326.305555555556
8409,325.138888888889
8410,312.472222222222
8411,323.555555555556
8412,310.138888888889
8413,279.972222222222
8414,320.611111111111
8415,314.638888888889
8416,253.111111111111
8417,284.333333333333
8418,260.722222222222
8419,323.944444444444
8420,343.972222222222
8421,305.25
8422,312
8423,327.138888888889
8424,348.416666666667
8425,319.388888888889
8426,381.083333333333
8427,328.611111111111
8428,314.138888888889
8429,254.888888888889
8430,288.083333333333
8431,307.222222222222
8432,313.555555555556
8433,269.138888888889
8434,282.527777777778
8435,287.472222222222
8436,240.027777777778
8437,297.583333333333
8438,245.222222222222
8439,319.083333333333
8440,318.388888888889
8441,334
8442,318.777777777778
8443,230.722222222222
8444,240
8445,348.583333333333
8446,286.25
8447,307.194444444444
8448,308.611111111111
8449,286.833333333333
8450,238.694444444444
8451,281.694444444444
8452,322.944444444444
8453,264.638888888889
8454,279.777777777778
8455,309.777777777778
8456,295.944444444444
8457,310.944444444444
8458,309.361111111111
8459,345.305555555556
8460,259.444444444444
8461,315.472222222222
8462,284.694444444444
8463,337.5
8464,310.444444444444
8465,319.916666666667
8466,295.694444444444
8467,272.472222222222
8468,322.194444444444
8469,296
8470,256.277777777778
8471,292.194444444444
8472,331.166666666667
8473,257.416666666667
8474,265.972222222222
8475,241.611111111111
8476,262.444444444444
8477,212.861111111111
8478,351.166666666667
8479,356.833333333333
8480,248.527777777778
8481,340.25
8482,359.777777777778
8483,309.583333333333
8484,235.472222222222
8485,300.722222222222
8486,291.222222222222
8487,310.277777777778
8488,310.5
8489,374.777777777778
8490,320.611111111111
8491,383.777777777778
8492,167.75
8493,293.972222222222
8494,284.861111111111
8495,220.833333333333
8496,307.138888888889
8497,191.25
8498,295.972222222222
8499,287.916666666667
8500,287.111111111111
8501,285.805555555556
8502,386.527777777778
8503,305.75
8504,325.611111111111
8505,282.583333333333
8506,290.416666666667
8507,233.444444444444
8508,278.416666666667
8509,308.388888888889
8510,295.055555555556
8511,279.888888888889
8512,307.027777777778
8513,354.694444444444
8514,275.083333333333
8515,292.833333333333
8516,260.611111111111
8517,234.861111111111
8518,354.111111111111
8519,346.055555555556
8520,300.305555555556
8521,285.805555555556
8522,319.805555555556
8523,226.805555555556
8524,273.666666666667
8525,315.055555555556
8526,377.833333333333
8527,221.611111111111
8528,335.944444444444
8529,264.527777777778
8530,298.944444444444
8531,410.444444444444
8532,320.888888888889
8533,294
8534,351.222222222222
8535,261.972222222222
8536,344.583333333333
8537,279.75
8538,296.027777777778
8539,294.666666666667
8540,304.25
8541,287
8542,272.138888888889
8543,345.777777777778
8544,313.694444444444
8545,331.055555555556
8546,355.305555555556
8547,347.666666666667
8548,336.916666666667
8549,344.416666666667
8550,356.583333333333
8551,265.194444444444
8552,315.583333333333
8553,383.416666666667
8554,322.305555555556
8555,317.055555555556
8556,311.25
8557,285.916666666667
8558,348.777777777778
8559,277.194444444444
8560,281.944444444444
8561,350
8562,296.944444444444
8563,269.833333333333
8564,338.361111111111
8565,284.333333333333
8566,310.416666666667
8567,247.722222222222
8568,228.361111111111
8569,331.583333333333
8570,259.305555555556
8571,233.5
8572,366.555555555556
8573,306.25
8574,344.833333333333
8575,359.888888888889
8576,215.472222222222
8577,303.833333333333
8578,315.027777777778
8579,347.166666666667
8580,276.666666666667
8581,319.138888888889
8582,302.555555555556
8583,332
8584,329.583333333333
8585,300.083333333333
8586,297.916666666667
8587,308.805555555556
8588,280.027777777778
8589,247.5
8590,268.055555555556
8591,285.666666666667
8592,298.944444444444
8593,243.666666666667
8594,325.944444444444
8595,280.055555555556
8596,314.611111111111
8597,405.444444444444
8598,278.416666666667
8599,307.5
8600,299.916666666667
8601,321.777777777778
8602,307.416666666667
8603,319.638888888889
8604,357.083333333333
8605,275.166666666667
8606,350.222222222222
8607,255.611111111111
8608,289.277777777778
8609,335.833333333333
8610,218.305555555556
8611,238.388888888889
8612,233.333333333333
8613,284.916666666667
8614,311.333333333333
8615,305.833333333333
8616,275.833333333333
8617,243.388888888889
8618,370.111111111111
8619,262.527777777778
8620,306.5
8621,328.972222222222
8622,354.111111111111
8623,290.416666666667
8624,258.083333333333
8625,205.472222222222
8626,368.111111111111
8627,269.777777777778
8628,273.944444444444
8629,359.777777777778
8630,311.166666666667
8631,349.083333333333
8632,304.694444444444
8633,293.222222222222
8634,333.416666666667
8635,342.194444444444
8636,327.916666666667
8637,318.944444444444
8638,304.5
8639,317.361111111111
8640,243.222222222222
8641,264.055555555556
8642,229.166666666667
8643,355.5
8644,275.722222222222
8645,241.388888888889
8646,275.444444444444
8647,317.805555555556
8648,260.5
8649,324.055555555556
8650,297.611111111111
8651,307.722222222222
8652,380.444444444444
8653,314.944444444444
8654,296.388888888889
8655,307.083333333333
8656,370.5
8657,325.333333333333
8658,300.444444444444
8659,295.861111111111
8660,304.666666666667
8661,355.583333333333
8662,297.555555555556
8663,282.722222222222
8664,297.194444444444
8665,378.194444444444
8666,230.972222222222
8667,265.361111111111
8668,184.111111111111
8669,351.166666666667
8670,291.277777777778
8671,307.444444444444
8672,364.388888888889
8673,260.027777777778
8674,313.222222222222
8675,345.194444444444
8676,250.333333333333
8677,275.333333333333
8678,310.472222222222
8679,263.027777777778
8680,360.388888888889
8681,327.111111111111
8682,407.888888888889
8683,306.972222222222
8684,210.472222222222
8685,271.638888888889
8686,313.388888888889
8687,229.75
8688,348.75
8689,239.75
8690,373.305555555556
8691,251.694444444444
8692,305.722222222222
8693,243.444444444444
8694,189.5
8695,336.305555555556
8696,270.25
8697,322.75
8698,344.666666666667
8699,265.083333333333
8700,326.972222222222
8701,298
8702,289.444444444444
8703,304.916666666667
8704,342.75
8705,271.416666666667
8706,342.5
8707,260.222222222222
8708,287.916666666667
8709,377.027777777778
8710,344.138888888889
8711,349.416666666667
8712,247
8713,351.916666666667
8714,290.25
8715,346.666666666667
8716,341.694444444444
8717,250.444444444444
8718,336.555555555556
8719,285.472222222222
8720,269.944444444444
8721,295.333333333333
8722,312.083333333333
8723,241.388888888889
8724,235.111111111111
8725,403.666666666667
8726,231.083333333333
8727,296.722222222222
8728,353.305555555556
8729,414.722222222222
8730,266.138888888889
8731,245.861111111111
8732,228.361111111111
8733,308.611111111111
8734,304.694444444444
8735,319.25
8736,367.055555555556
8737,245.694444444444
8738,263.888888888889
8739,330.444444444444
8740,296.138888888889
8741,277.527777777778
8742,288.25
8743,313.416666666667
8744,260.527777777778
8745,260.583333333333
8746,394.305555555556
8747,241.25
8748,285.166666666667
8749,316.222222222222
8750,293.611111111111
8751,291.972222222222
8752,289.666666666667
8753,280.916666666667
8754,342.083333333333
8755,353.138888888889
8756,371.527777777778
8757,255.25
8758,261.944444444444
8759,279.305555555556
8760,270.138888888889
8761,305.555555555556
8762,262.138888888889
8763,275.138888888889
8764,380.722222222222
8765,341.75
8766,297.833333333333
8767,249.833333333333
8768,384.444444444444
8769,293.777777777778
8770,268.805555555556
8771,325.444444444444
8772,333.083333333333
8773,350.5
8774,300.5
8775,320.833333333333
8776,331.833333333333
8777,292.25
8778,290.722222222222
8779,292.222222222222
8780,338.166666666667
8781,287.083333333333
8782,190.944444444444
8783,246.5
8784,291.25
8785,314.333333333333
8786,304.888888888889
8787,266.5
8788,261.972222222222
8789,313.805555555556
8790,304.333333333333
8791,322.5
8792,330.277777777778
8793,282.666666666667
8794,327.416666666667
8795,255.194444444444
8796,319.944444444444
8797,321.388888888889
8798,291.277777777778
8799,323.5
8800,244.055555555556
8801,277
8802,312.25
8803,238.861111111111
8804,302.027777777778
8805,270.888888888889
8806,295.444444444444
8807,290.527777777778
8808,302.694444444444
8809,308.638888888889
8810,262
8811,311.805555555556
8812,317.361111111111
8813,331.916666666667
8814,279.805555555556
8815,255.361111111111
8816,252.416666666667
8817,380.083333333333
8818,352.416666666667
8819,333.777777777778
8820,243.638888888889
8821,259.305555555556
8822,281.722222222222
8823,311.5
8824,388.138888888889
8825,271.083333333333
8826,266.75
8827,314.138888888889
8828,304.166666666667
8829,271.166666666667
8830,287.694444444444
8831,349.111111111111
8832,294.944444444444
8833,305.583333333333
8834,327.166666666667
8835,350.222222222222
8836,308.611111111111
8837,329.416666666667
8838,271.138888888889
8839,294.805555555556
8840,288.5
8841,307.305555555556
8842,318.805555555556
8843,258
8844,287.611111111111
8845,266.111111111111
8846,320.777777777778
8847,341.75
8848,346.027777777778
8849,287.388888888889
8850,372.805555555556
8851,333.75
8852,303.25
8853,314.666666666667
8854,353.888888888889
8855,315.694444444444
8856,267.361111111111
8857,238.027777777778
8858,297.138888888889
8859,272.055555555556
8860,402.611111111111
8861,260.694444444444
8862,319.444444444444
8863,283.194444444444
8864,259.583333333333
8865,284.694444444444
8866,338.916666666667
8867,305.833333333333
8868,355.083333333333
8869,311.527777777778
8870,324.222222222222
8871,249.694444444444
8872,300.944444444444
8873,260.722222222222
8874,288.833333333333
8875,335.361111111111
8876,323.944444444444
8877,297.25
8878,341.444444444444
8879,282.611111111111
8880,331
8881,279.555555555556
8882,263.444444444444
8883,320.111111111111
8884,317.333333333333
8885,328.166666666667
8886,281.666666666667
8887,308.222222222222
8888,257.722222222222
8889,260.888888888889
8890,248.694444444444
8891,263.722222222222
8892,275.888888888889
8893,313.75
8894,344.111111111111
8895,275.305555555556
8896,383.416666666667
8897,256.944444444444
8898,281.111111111111
8899,310.194444444444
8900,373.277777777778
8901,309.638888888889
8902,257.194444444444
8903,321.361111111111
8904,307.833333333333
8905,320.055555555556
8906,232.944444444444
8907,282.083333333333
8908,394.055555555556
8909,211.972222222222
8910,263.583333333333
8911,263.138888888889
8912,350.75
8913,299.777777777778
8914,313.083333333333
8915,375.194444444444
8916,256.25
8917,303.472222222222
8918,269.138888888889
8919,293.361111111111
8920,260.555555555556
8921,320.472222222222
8922,339.027777777778
8923,296.583333333333
8924,284.75
8925,313.888888888889
8926,301.694444444444
8927,377.222222222222
8928,287.861111111111
8929,308.777777777778
8930,312.277777777778
8931,253.722222222222
8932,241.583333333333
8933,260.166666666667
8934,272.5
8935,312.638888888889
8936,252.861111111111
8937,298.75
8938,375.944444444444
8939,332.833333333333
8940,247.861111111111
8941,247.75
8942,283.75
8943,220.027777777778
8944,312.388888888889
8945,280.027777777778
8946,324.833333333333
8947,358.666666666667
8948,300.833333333333
8949,250.5
8950,286.805555555556
8951,308
8952,331.527777777778
8953,320.638888888889
8954,289.388888888889
8955,273.472222222222
8956,325.472222222222
8957,345.75
8958,321.972222222222
8959,301.333333333333
8960,299.111111111111
8961,244.916666666667
8962,378.138888888889
8963,305.583333333333
8964,320.722222222222
8965,376.361111111111
8966,315.75
8967,264.722222222222
8968,289.666666666667
8969,280.444444444444
8970,266.194444444444
8971,274.166666666667
8972,293.166666666667
8973,249.5
8974,295.722222222222
8975,303.166666666667
8976,306.388888888889
8977,343.361111111111
8978,315.388888888889
8979,269.472222222222
8980,254.305555555556
8981,357.805555555556
8982,285.888888888889
8983,236.027777777778
8984,306.222222222222
8985,268.416666666667
8986,319.055555555556
8987,342.388888888889
8988,349.777777777778
8989,331.444444444444
8990,348.027777777778
8991,355
8992,340.25
8993,236.861111111111
8994,245.916666666667
8995,310.111111111111
8996,236.083333333333
8997,269.694444444444
8998,314.111111111111
8999,298.361111111111
9000,295.555555555556
9001,368.722222222222
9002,331.805555555556
9003,309.777777777778
9004,356.722222222222
9005,355.611111111111
9006,338.444444444444
9007,258.527777777778
9008,295.166666666667
9009,316.722222222222
9010,334.027777777778
9011,236.305555555556
9012,280.027777777778
9013,298.805555555556
9014,296.888888888889
9015,289.555555555556
9016,386.305555555556
9017,219.472222222222
9018,289.638888888889
9019,227.388888888889
9020,285.277777777778
9021,303.944444444444
9022,303.611111111111
9023,259.638888888889
9024,275.833333333333
9025,294.027777777778
9026,194.75
9027,339.916666666667
9028,286.055555555556
9029,291.222222222222
9030,354.694444444444
9031,275.472222222222
9032,315.666666666667
9033,322.722222222222
9034,318.083333333333
9035,304.666666666667
9036,359.388888888889
9037,322.083333333333
9038,297.083333333333
9039,255.472222222222
9040,312.138888888889
9041,355.944444444444
9042,354.333333333333
9043,320.055555555556
9044,302.222222222222
9045,312.833333333333
9046,405.722222222222
9047,291.472222222222
9048,368.722222222222
9049,339.611111111111
9050,295.638888888889
9051,274.638888888889
9052,260.388888888889
9053,302.638888888889
9054,262.611111111111
9055,349.694444444444
9056,265.305555555556
9057,330.333333333333
9058,365.138888888889
9059,318.583333333333
9060,322.361111111111
9061,334.388888888889
9062,334.361111111111
9063,290
9064,243.027777777778
9065,260.444444444444
9066,281.805555555556
9067,323.138888888889
9068,280.611111111111
9069,318.138888888889
9070,333.833333333333
9071,326.777777777778
9072,299.027777777778
9073,342.777777777778
9074,320.805555555556
9075,297.25
9076,331.277777777778
9077,335.944444444444
9078,323.861111111111
9079,368.111111111111
9080,357.583333333333
9081,330.111111111111
9082,389.361111111111
9083,322.555555555556
9084,263.972222222222
9085,301.888888888889
9086,268.722222222222
9087,293.166666666667
9088,294.555555555556
9089,327.638888888889
9090,310
9091,319.416666666667
9092,285.666666666667
9093,294
9094,312.777777777778
9095,347.638888888889
9096,342.166666666667
9097,257.416666666667
9098,366.194444444444
9099,280.5
9100,314.527777777778
9101,277.361111111111
9102,312.166666666667
9103,271.583333333333
9104,339.361111111111
9105,271.333333333333
9106,385.305555555556
9107,265.416666666667
9108,340.25
9109,288.611111111111
9110,343.666666666667
9111,355.5
9112,374.111111111111
9113,250.25
9114,292.777777777778
9115,332.888888888889
9116,382.555555555556
9117,289.472222222222
9118,325.833333333333
9119,339.583333333333
9120,271.722222222222
9121,308.666666666667
9122,307.277777777778
9123,302.916666666667
9124,287.083333333333
9125,404.388888888889
9126,248.055555555556
9127,270.583333333333
9128,242.277777777778
9129,316.805555555556
9130,308.777777777778
9131,228.666666666667
9132,286.694444444444
9133,397.194444444444
9134,267.472222222222
9135,255.111111111111
9136,361.638888888889
9137,308.083333333333
9138,279.027777777778
9139,264.166666666667
9140,297.722222222222
9141,279.722222222222
9142,265.472222222222
9143,291.638888888889
9144,261.333333333333
9145,297.194444444444
9146,317.722222222222
9147,314.5
9148,325.555555555556
9149,325.722222222222
9150,257.694444444444
9151,336.944444444444
9152,340.555555555556
9153,313.666666666667
9154,362.638888888889
9155,391
9156,255.527777777778
9157,281.138888888889
9158,234.416666666667
9159,263.138888888889
9160,271.194444444444
9161,327.611111111111
9162,294.694444444444
9163,287.361111111111
9164,325.388888888889
9165,251.805555555556
9166,250.361111111111
9167,365.194444444444
9168,309.361111111111
9169,297.666666666667
9170,336.555555555556
9171,324.666666666667
9172,268.638888888889
9173,324.722222222222
9174,304.111111111111
9175,304.027777777778
9176,308.138888888889
9177,229.055555555556
9178,334.25
9179,283.416666666667
9180,279.388888888889
9181,292.25
9182,271.888888888889
9183,330.305555555556
9184,320.916666666667
9185,338.861111111111
9186,316.527777777778
9187,284.111111111111
9188,342.861111111111
9189,318.027777777778
9190,214.944444444444
9191,320.111111111111
9192,269.222222222222
9193,286.111111111111
9194,297.75
9195,275.25
9196,271.833333333333
9197,348.555555555556
9198,319.972222222222
9199,310.222222222222
9200,300.944444444444
9201,343.277777777778
9202,270.833333333333
9203,301.416666666667
9204,309.916666666667
9205,307.027777777778
9206,339.722222222222
9207,288.388888888889
9208,250.666666666667
9209,304.111111111111
9210,254.972222222222
9211,251.527777777778
9212,260.027777777778
9213,307.611111111111
9214,277.944444444444
9215,269.388888888889
9216,300.222222222222
9217,267.972222222222
9218,248.777777777778
9219,273.888888888889
9220,209.861111111111
9221,378.138888888889
9222,328.694444444444
9223,352.666666666667
9224,313
9225,304.305555555556
9226,365.5
9227,375.027777777778
9228,302.055555555556
9229,256.638888888889
9230,262.805555555556
9231,276.666666666667
9232,258.527777777778
9233,328.75
9234,312.222222222222
9235,309.694444444444
9236,286.25
9237,275.305555555556
9238,306.027777777778
9239,305.75
9240,349.277777777778
9241,356.722222222222
9242,294.722222222222
9243,258.138888888889
9244,305.722222222222
9245,310.944444444444
9246,249.555555555556
9247,294.888888888889
9248,331.722222222222
9249,282.722222222222
9250,281.361111111111
9251,327.777777777778
9252,274.138888888889
9253,348.527777777778
9254,384.166666666667
9255,322.777777777778
9256,329.833333333333
9257,353.472222222222
9258,292.527777777778
9259,270.083333333333
9260,289.916666666667
9261,273.416666666667
9262,349
9263,212.138888888889
9264,301
9265,360.5
9266,265.666666666667
9267,222.638888888889
9268,225.138888888889
9269,374.777777777778
9270,362.555555555556
9271,290.305555555556
9272,247.138888888889
9273,305.138888888889
9274,265.388888888889
9275,204.25
9276,268.166666666667
9277,328.555555555556
9278,268.722222222222
9279,301.305555555556
9280,324.277777777778
9281,266.5
9282,289.388888888889
9283,374.722222222222
9284,318.694444444444
9285,280.638888888889
9286,290.388888888889
9287,302.388888888889
9288,224.444444444444
9289,359.194444444444
9290,356.083333333333
9291,299.916666666667
9292,303.583333333333
9293,295.083333333333
9294,300.277777777778
9295,257.833333333333
9296,248.805555555556
9297,257.5
9298,293.805555555556
9299,287.611111111111
9300,287.055555555556
9301,310.833333333333
9302,280.805555555556
9303,358.944444444444
9304,309.694444444444
9305,282.138888888889
9306,358.722222222222
9307,295.833333333333
9308,314.833333333333
9309,280.611111111111
9310,390.222222222222
9311,326.388888888889
9312,347.694444444444
9313,170.666666666667
9314,346.333333333333
9315,308.666666666667
9316,288.416666666667
9317,383.972222222222
9318,336.888888888889
9319,200.611111111111
9320,283.861111111111
9321,277.111111111111
9322,296.194444444444
9323,249.666666666667
9324,245.861111111111
9325,361.638888888889
9326,284.444444444444
9327,263.194444444444
9328,299.25
9329,334.972222222222
9330,324.194444444444
9331,306.194444444444
9332,325.027777777778
9333,267.638888888889
9334,295.138888888889
9335,291.638888888889
9336,274.666666666667
9337,280.555555555556
9338,248.361111111111
9339,278.25
9340,305.666666666667
9341,257.055555555556
9342,304.194444444444
9343,311.472222222222
9344,271.222222222222
9345,343.888888888889
9346,345.472222222222
9347,340.444444444444
9348,288.833333333333
9349,331.611111111111
9350,336.555555555556
9351,301.416666666667
9352,306.972222222222
9353,263.805555555556
9354,321.305555555556
9355,340
9356,323.055555555556
9357,366.333333333333
9358,272.083333333333
9359,318
9360,272.833333333333
9361,250.5
9362,309.111111111111
9363,309.555555555556
9364,350.194444444444
9365,302.166666666667
9366,288.638888888889
9367,371.166666666667
9368,262.888888888889
9369,312.083333333333
9370,382.583333333333
9371,294.777777777778
9372,347.916666666667
9373,301.166666666667
9374,268.777777777778
9375,332.444444444444
9376,340.138888888889
9377,300.25
9378,262.861111111111
9379,243.444444444444
9380,196.055555555556
9381,274.277777777778
9382,236.777777777778
9383,229.361111111111
9384,287.25
9385,304.333333333333
9386,325
9387,300.555555555556
9388,272.333333333333
9389,246.472222222222
9390,354.611111111111
9391,292.888888888889
9392,314.833333333333
9393,352.194444444444
9394,337.861111111111
9395,389.861111111111
9396,305.722222222222
9397,308.416666666667
9398,343.638888888889
9399,227.166666666667
9400,243.694444444444
9401,311.944444444444
9402,315.138888888889
9403,329.833333333333
9404,299.166666666667
9405,267.055555555556
9406,322.555555555556
9407,236.055555555556
9408,265.555555555556
9409,319
9410,272.194444444444
9411,302.083333333333
9412,276.5
9413,324.555555555556
9414,347.25
9415,220.194444444444
9416,344
9417,304.416666666667
9418,343.388888888889
9419,325.611111111111
9420,244.638888888889
9421,308.666666666667
9422,260.611111111111
9423,320.055555555556
9424,279.638888888889
9425,294.25
9426,260.583333333333
9427,362.694444444444
9428,316.666666666667
9429,222.111111111111
9430,294.972222222222
9431,321.194444444444
9432,332.694444444444
9433,311.027777777778
9434,300.555555555556
9435,253.305555555556
9436,295.805555555556
9437,266.777777777778
9438,245.75
9439,228.75
9440,289.055555555556
9441,300.5
9442,277.416666666667
9443,259.138888888889
9444,243.916666666667
9445,287.361111111111
9446,313
9447,276.166666666667
9448,282.944444444444
9449,299.083333333333
9450,324.166666666667
9451,291.583333333333
9452,303
9453,290.666666666667
9454,320.861111111111
9455,310.25
9456,362.805555555556
9457,274.722222222222
9458,318.527777777778
9459,346.666666666667
9460,258.194444444444
9461,318.222222222222
9462,335.722222222222
9463,328.638888888889
9464,289.916666666667
9465,299.416666666667
9466,249.555555555556
9467,281.027777777778
9468,327.166666666667
9469,289.388888888889
9470,301.833333333333
9471,285.194444444444
9472,301.611111111111
9473,262.361111111111
9474,302.361111111111
9475,340.972222222222
9476,342.972222222222
9477,295.916666666667
9478,321.916666666667
9479,305.388888888889
9480,282.694444444444
9481,260.055555555556
9482,287.333333333333
9483,227.916666666667
9484,297.083333333333
9485,329.666666666667
9486,296.055555555556
9487,234.75
9488,279.722222222222
9489,330.388888888889
9490,319.388888888889
9491,418.972222222222
9492,308.027777777778
9493,331.777777777778
9494,289.027777777778
9495,250.444444444444
9496,330.194444444444
9497,311.694444444444
9498,274.527777777778
9499,305.555555555556
9500,314.583333333333
9501,230.722222222222
9502,323.138888888889
9503,387.861111111111
9504,367.722222222222
9505,334.388888888889
9506,330.138888888889
9507,329.055555555556
9508,341.055555555556
9509,293.027777777778
9510,233.277777777778
9511,262.444444444444
9512,316.388888888889
9513,302.583333333333
9514,255.611111111111
9515,237.5
9516,333.388888888889
9517,359.638888888889
9518,262.805555555556
9519,299.25
9520,289.388888888889
9521,402.777777777778
9522,351.222222222222
9523,283
9524,320
9525,344.361111111111
9526,296.555555555556
9527,225.805555555556
9528,232.333333333333
9529,307.416666666667
9530,362.416666666667
9531,291.75
9532,237.916666666667
9533,263.75
9534,328.527777777778
9535,307.611111111111
9536,242.194444444444
9537,261.694444444444
9538,268.972222222222
9539,298.888888888889
9540,267.083333333333
9541,292.777777777778
9542,327.666666666667
9543,273.333333333333
9544,295.055555555556
9545,214.888888888889
9546,303.833333333333
9547,340.583333333333
9548,289.416666666667
9549,209.916666666667
9550,290.666666666667
9551,290.666666666667
9552,312.694444444444
9553,280.555555555556
9554,252.861111111111
9555,356.277777777778
9556,308
9557,279.027777777778
9558,297.777777777778
9559,298.527777777778
9560,299.25
9561,368.333333333333
9562,301.5
9563,279.138888888889
9564,308.861111111111
9565,253.694444444444
9566,342.777777777778
9567,311.194444444444
9568,227.416666666667
9569,309.083333333333
9570,276.638888888889
9571,342.694444444444
9572,302.472222222222
9573,264.027777777778
9574,304.638888888889
9575,268.638888888889
9576,291.138888888889
9577,325.916666666667
9578,241.75
9579,338.444444444444
9580,292.472222222222
9581,290.444444444444
9582,316.638888888889
9583,310.666666666667
9584,340.611111111111
9585,312.472222222222
9586,308.666666666667
9587,316.111111111111
9588,321.25
9589,283.833333333333
9590,332.444444444444
9591,312.861111111111
9592,299.555555555556
9593,294.944444444444
9594,340.555555555556
9595,300.138888888889
9596,343.472222222222
9597,276.333333333333
9598,260.75
9599,321.611111111111
9600,353.305555555556
9601,323.194444444444
9602,279.861111111111
9603,252.611111111111
9604,326.666666666667
9605,314.166666666667
9606,313.111111111111
9607,270.027777777778
9608,291.472222222222
9609,309
9610,272.694444444444
9611,311.583333333333
9612,315.777777777778
9613,290.166666666667
9614,331.611111111111
9615,295.722222222222
9616,237.638888888889
9617,287.805555555556
9618,234.972222222222
9619,271.972222222222
9620,357.416666666667
9621,330.361111111111
9622,296.527777777778
9623,277.611111111111
9624,301.638888888889
9625,307.388888888889
9626,264.666666666667
9627,305.194444444444
9628,253.583333333333
9629,330.888888888889
9630,267.666666666667
9631,189.666666666667
9632,266.916666666667
9633,365.277777777778
9634,311.527777777778
9635,311.027777777778
9636,274.416666666667
9637,247.416666666667
9638,243.361111111111
9639,246.277777777778
9640,309.777777777778
9641,368.305555555556
9642,279.055555555556
9643,362.444444444444
9644,351.638888888889
9645,279.055555555556
9646,294.333333333333
9647,289.416666666667
9648,342.527777777778
9649,346
9650,305.694444444444
9651,261.138888888889
9652,305.555555555556
9653,271.388888888889
9654,322.916666666667
9655,214.555555555556
9656,264.5
9657,308.75
9658,224.138888888889
9659,361.25
9660,217.027777777778
9661,351
9662,285.944444444444
9663,327.222222222222
9664,301.111111111111
9665,259.361111111111
9666,260.583333333333
9667,254.472222222222
9668,288.972222222222
9669,297
9670,256.361111111111
9671,198.222222222222
9672,315.138888888889
9673,260.083333333333
9674,278.305555555556
9675,292.888888888889
9676,294.527777777778
9677,312.694444444444
9678,345.277777777778
9679,379.277777777778
9680,267.833333333333
9681,324
9682,315.611111111111
9683,265.083333333333
9684,320.416666666667
9685,355.444444444444
9686,343.972222222222
9687,347.472222222222
9688,331.25
9689,259.388888888889
9690,317.527777777778
9691,286.861111111111
9692,306.388888888889
9693,225.388888888889
9694,330.416666666667
9695,404.138888888889
9696,367.222222222222
9697,314.388888888889
9698,275.361111111111
9699,297.611111111111
9700,291.111111111111
9701,333.472222222222
9702,317.5
9703,311.055555555556
9704,337.722222222222
9705,264.944444444444
9706,317.611111111111
9707,258.611111111111
9708,297.75
9709,349.055555555556
9710,393.722222222222
9711,359.472222222222
9712,284.194444444444
9713,334
9714,252.194444444444
9715,295.305555555556
9716,351.138888888889
9717,295.027777777778
9718,320.166666666667
9719,291.777777777778
9720,310.083333333333
9721,289.527777777778
9722,274.027777777778
9723,301.444444444444
9724,309.361111111111
9725,287.222222222222
9726,333.944444444444
9727,320.138888888889
9728,343.5
9729,280.305555555556
9730,233.527777777778
9731,295.666666666667
9732,326.944444444444
9733,285
9734,338.527777777778
9735,299.277777777778
9736,296.194444444444
9737,223.888888888889
9738,246.361111111111
9739,324.472222222222
9740,357.444444444444
9741,253.083333333333
9742,320.833333333333
9743,301.222222222222
9744,322.111111111111
9745,324.805555555556
9746,304.333333333333
9747,277.861111111111
9748,309.75
9749,273.916666666667
9750,308.972222222222
9751,341.083333333333
9752,279.972222222222
9753,390.361111111111
9754,266.444444444444
9755,284.666666666667
9756,330.361111111111
9757,325.277777777778
9758,278.666666666667
9759,250.916666666667
9760,301.055555555556
9761,353.083333333333
9762,305.388888888889
9763,322.666666666667
9764,271.722222222222
9765,211.583333333333
9766,253.777777777778
9767,353.027777777778
9768,383.805555555556
9769,332.194444444444
9770,239.305555555556
9771,337.138888888889
9772,251.888888888889
9773,255.666666666667
9774,268.444444444444
9775,234.583333333333
9776,329.25
9777,255.805555555556
9778,272.944444444444
9779,275.833333333333
9780,314.138888888889
9781,285.694444444444
9782,279
9783,269.583333333333
9784,236.027777777778
9785,300.305555555556
9786,299.805555555556
9787,323.611111111111
9788,302.416666666667
9789,321.333333333333
9790,281.027777777778
9791,285.166666666667
9792,368.555555555556
9793,279.361111111111
9794,382.055555555556
9795,294.805555555556
9796,293.305555555556
9797,360.972222222222
9798,350.777777777778
9799,282.194444444444
9800,331.75
9801,291.416666666667
9802,270.027777777778
9803,365.277777777778
9804,355.638888888889
9805,352
9806,302.555555555556
9807,282.694444444444
9808,257.194444444444
9809,330.194444444444
9810,322.222222222222
9811,315.583333333333
9812,325.805555555556
9813,286.833333333333
9814,245.25
9815,311.583333333333
9816,275.027777777778
9817,282.888888888889
9818,321.222222222222
9819,294.638888888889
9820,288.083333333333
9821,205
9822,286.055555555556
9823,338.666666666667
9824,346.527777777778
9825,307.888888888889
9826,374.305555555556
9827,346.638888888889
9828,363.888888888889
9829,277.333333333333
9830,300.472222222222
9831,309.777777777778
9832,309.472222222222
9833,288.527777777778
9834,327.944444444444
9835,289.055555555556
9836,315.527777777778
9837,260.888888888889
9838,246.944444444444
9839,356.444444444444
9840,348.833333333333
9841,304
9842,333.611111111111
9843,393.583333333333
9844,305.472222222222
9845,288.416666666667
9846,266
9847,254.361111111111
9848,291.555555555556
9849,292.472222222222
9850,358.472222222222
9851,288.666666666667
9852,296.361111111111
9853,317.083333333333
9854,340.25
9855,285.638888888889
9856,322.25
9857,276.361111111111
9858,285.527777777778
9859,350.916666666667
9860,289.25
9861,368.777777777778
9862,332.416666666667
9863,300.555555555556
9864,298.833333333333
9865,281.638888888889
9866,324.25
9867,314.388888888889
9868,289.833333333333
9869,367.305555555556
9870,384.194444444444
9871,315.888888888889
9872,337.166666666667
9873,337.527777777778
9874,270.888888888889
9875,359.277777777778
9876,304.111111111111
9877,273.583333333333
9878,349.388888888889
9879,275.138888888889
9880,293.972222222222
9881,299.916666666667
9882,236.611111111111
9883,303.805555555556
9884,297.527777777778
9885,361.611111111111
9886,291.305555555556
9887,287.277777777778
9888,268.388888888889
9889,248.444444444444
9890,274.944444444444
9891,250.805555555556
9892,388.777777777778
9893,318.166666666667
9894,290.75
9895,334.444444444444
9896,276.277777777778
9897,340.444444444444
9898,327.5
9899,278.972222222222
9900,288.611111111111
9901,275.5
9902,268.305555555556
9903,373.527777777778
9904,374.388888888889
9905,317.75
9906,276.833333333333
9907,336.222222222222
9908,324.138888888889
9909,317.277777777778
9910,323.361111111111
9911,334.055555555556
9912,327.361111111111
9913,321.361111111111
9914,317.805555555556
9915,330.888888888889
9916,305.472222222222
9917,349.444444444444
9918,271.138888888889
9919,331.277777777778
9920,290.777777777778
9921,300.222222222222
9922,246.666666666667
9923,289.916666666667
9924,338.083333333333
9925,251.416666666667
9926,318.416666666667
9927,314.666666666667
9928,252.805555555556
9929,347.75
9930,256.944444444444
9931,265.583333333333
9932,384.166666666667
9933,341.638888888889
9934,381
9935,253.416666666667
9936,295.277777777778
9937,280.75
9938,312
9939,351.361111111111
9940,290.083333333333
9941,337.666666666667
9942,324.222222222222
9943,329.611111111111
9944,286.944444444444
9945,240.5
9946,387.055555555556
9947,328.888888888889
9948,245.694444444444
9949,329.75
9950,281.305555555556
9951,301.111111111111
9952,244.638888888889
9953,255.472222222222
9954,284.222222222222
9955,252.055555555556
9956,266.25
9957,333.805555555556
9958,310.666666666667
9959,263.5
9960,271.888888888889
9961,312.166666666667
9962,365.277777777778
9963,317.666666666667
9964,291.083333333333
9965,355.388888888889
9966,297.861111111111
9967,291.666666666667
9968,326.277777777778
9969,304.333333333333
9970,288.555555555556
9971,342.777777777778
9972,277.333333333333
9973,310.805555555556
9974,309.444444444444
9975,265.027777777778
9976,285.916666666667
9977,313.555555555556
9978,297.805555555556
9979,238.472222222222
9980,342.083333333333
9981,369.111111111111
9982,329.888888888889
9983,339.722222222222
9984,286.583333333333
9985,296.361111111111
9986,347.916666666667
9987,364.916666666667
9988,319.222222222222
9989,273.777777777778
9990,324.638888888889
9991,321.583333333333
9992,250.777777777778
9993,297.5
9994,265.666666666667
9995,311.944444444444
9996,287.527777777778
9997,246.388888888889
9998,281
9999,346.611111111111
10000,296.055555555556
